PCA1,PCA2,cluster
-0.5751434974589764,-0.07048292261985545,0
-0.5770791333111214,-0.10157382442069657,0
-0.5647865123770408,-0.06720975152103732,0
-0.5739514872492234,-0.06940363167582188,0
-0.5743966049752088,-0.09482705041291438,0
0.8369692770318654,-0.20397498060718233,0
0.8177234214332628,-0.22392923920275207,0
0.8238035849889463,-0.21157047814503813,0
0.8269320911008939,-0.22249968115633612,0
0.8157074771927341,-0.2208504149303688,0
0.1678575454688775,0.5474325826261774,0
0.1800709824707498,0.5615367184547078,0
0.1784383885362095,0.5443953804031606,0
0.17226896526746335,0.5424599337416269,0
0.17451559105443698,0.5587165855249128,0
0.17059441272561107,0.5386648283198405,0
0.16465715568284717,0.5395788647407077,0
0.1716172845598087,0.5424482861446488,0
0.16996918142731812,0.5494020258206231,0
0.15939369543577447,0.546334140260164,0
0.8162935475947156,-0.22458419840594443,0
0.8337368548482463,-0.23678024102025594,0
0.8271510212868223,-0.22392505213576058,0
0.8275201127878569,-0.20661432998229393,0
0.8206430339170038,-0.18915201054849307,0
0.1776032530971603,0.5375204119127139,0
0.17399553435562953,0.544281739450365,0
0.17822649778016816,0.552103852428375,0
0.18101263670104445,0.5459411268532327,0
0.18965050580276638,0.5813334227728193,0
0.8305706663659846,-0.18718396152975195,0
0.8168747245515897,-0.22763754107254242,0
0.8246652782018077,-0.2162061171665596,0
0.8332132126971011,-0.18766972486026848,0
0.81934332800009,-0.17846395540739263,0
0.17224153223057964,0.5440473457886436,0
0.16375694286187834,0.5587378030858328,0
0.1851478703235142,0.563996014721977,0
0.17238436141119762,0.5479921554093354,0
0.1822758957043892,0.587454456867005,0
0.8198430563862162,-0.19560866661037987,0
0.8191440722449499,-0.23091930428718418,0
0.8115902208286755,-0.21179925310080805,0
0.8144185083792967,-0.19587599534161537,0
0.8309395081219857,-0.22673109687491438,0
0.19060094067031136,0.5788561676167293,0
0.18124803992611307,0.5341915505105355,0
0.18910142705219793,0.5674953502929607,0
0.18439932764303055,0.5644188838395173,0
0.19740944167598354,0.5681798101950678,0
0.829437648191686,-0.20616741319013226,0
0.8369265287226959,-0.22408206782292667,0
0.8287658720149258,-0.22561940071260664,0
0.8376177740896009,-0.22971669498212435,0
0.8357653749364448,-0.2209887083538537,0
0.8500164522207563,-0.22549496313821363,0
0.8416831912632157,-0.2326715632078196,0
0.8339731196366706,-0.22719911595367534,0
0.8350354561438185,-0.21634035865561974,0
0.8370214978674249,-0.2130664920163054,0
0.8117825096036235,-0.2165660819728501,0
0.8146856988223878,-0.21405203973434142,0
0.8101525949469381,-0.2281350246619187,0
0.8225999346246019,-0.20466802052520247,0
0.8066416580492086,-0.22500661451039938,0
0.837254114102861,-0.21859832739277266,0
0.8484431865338016,-0.1988179871251433,0
0.8332798677248271,-0.22274183918955373,0
0.8428153982882951,-0.20773355878258765,0
0.8332122150217145,-0.2192208425779224,0
-0.6013818966761195,-0.1113682810264198,0
-0.605811951212495,-0.10795432939336402,0
-0.5945600909919393,-0.11473581881354,0
-0.6097853579618616,-0.10192067143418015,0
-0.597141801542317,-0.10245164029447222,0
0.8209606762066607,-0.2317954164095723,0
0.8121863652044602,-0.22364698090139817,0
0.8086247003038516,-0.2311640165162674,0
0.8233458506463393,-0.23122980394914375,0
0.8122714488990687,-0.2260273203584886,0
0.16531182344162168,0.5526298320885771,0
0.1551206285124704,0.5504901802317791,0
0.1526916841184772,0.5281428623321919,0
0.161933268559132,0.5379058963889212,0
0.16891370438178882,0.5374501459990777,0
-0.5944929739708064,-0.1078010688633795,0
-0.6026679945643435,-0.10660577486200586,0
-0.6010486996583453,-0.07891498282264624,0
-0.5978825967231147,-0.10796679500482796,0
-0.5950210012307957,-0.08906455334888128,0
0.8136933951774031,-0.2165348963152332,0
0.8241152250806427,-0.22287755754152597,0
0.8157539142540573,-0.21526473515923528,0
0.8168964364611115,-0.20897781716462055,0
0.814605866810681,-0.2094683379516817,0
0.16031749766858308,0.5404369285440289,0
0.15696132464819218,0.5458281506385517,0
0.16103820357200702,0.5319079880415905,0
0.17027656773228536,0.5400423539869507,0
0.1536947138604311,0.5527042686175834,0
-0.5881040364892088,-0.11149726396280728,0
-0.5908329334156998,-0.11302574325480284,0
-0.5960254841794592,-0.10209931413653592,0
-0.5951151342884772,-0.10816676586787353,0
-0.59520581684119,-0.11136279639362344,0
0.18057539355869973,0.543619976569212,0
0.18707687100337397,0.5309459060647479,0
0.18317161584987066,0.5419088299600469,0
0.1801136607158358,0.5288956059189378,0
0.1833335466397481,0.5354303360880174,0
-0.5977519088761716,-0.10576346365967605,0
-0.5929784410395988,-0.11496078407502128,0
-0.6044537298582758,-0.10882525282049066,0
-0.5986464010350141,-0.11375777661482722,0
-0.6008447891189065,-0.11187003440336227,0
0.8321001391258871,-0.20652766709420584,0
0.8340085450176826,-0.21665263132022355,0
0.8461621847824957,-0.21915848158873086,0
0.8349879505842808,-0.21843623789048172,0
0.831095625996945,-0.22507472301855275,0
0.819216099057316,-0.22321219161952421,0
0.8254189655941119,-0.20829055048822148,0
0.8217759023279221,-0.2216448813812024,0
0.8209466895475046,-0.22021416693696144,0
0.8232475931643497,-0.22226882269929144,0
0.16215677592624247,0.5584992550231994,1
0.1755594320321891,0.5405693485162887,1
0.1679810795448301,0.5464729293367544,1
0.1786787897596366,0.5291854365901694,1
0.1725291855860608,0.5586878680621662,1
0.17207725903843799,0.5646030453962696,1
0.17092642429209043,0.5356588199759227,1
0.16957676956601234,0.5475922561678557,1
0.1709072102568616,0.532803280760906,1
0.16929632899414415,0.5624724555471313,1
0.17918359513023047,0.5766519945328945,1
0.17876553809301096,0.5398900904462279,1
0.17813436367444604,0.539524529566806,1
0.1809116643066776,0.5739395991655883,1
0.17172732157489282,0.5389271621423807,1
0.15697453310847156,0.544186589519271,1
0.16063679072397244,0.5324353937407024,1
0.16947368739075386,0.5423027865052454,1
0.1593190847843572,0.5411050957685413,1
0.15895697906862782,0.553847432597527,1
0.16666300364209885,0.5508911262920058,1
0.18563343112541564,0.5336097503465895,1
0.18573977739575562,0.5390470831737296,1
0.17928362440361015,0.5463911243848215,1
0.1662317155955156,0.54387162174666,1
0.8181905076547056,-0.2207714520270337,1
0.8368625870345138,-0.21479925752521056,1
0.8325160590160218,-0.1968288562462143,1
0.8233894515021218,-0.20341236608310745,1
0.8279442975621041,-0.19075033363306151,1
0.8221740149843219,-0.1896978039583821,1
0.8197506661545405,-0.22440318812750137,1
0.820051790430917,-0.21979341241460648,1
0.8376038901742437,-0.20013278648686156,1
0.8434658233224688,-0.1971613896675852,1
0.18015644129235042,0.5543261933771828,1
0.1808605810074179,0.5422836159753107,1
0.19194809062867227,0.5441594122384684,1
0.17880034926993468,0.5671326709042396,1
0.17756098528181585,0.537958563703982,1
0.8313994108196782,-0.21069637724540916,1
0.8221950566335025,-0.20982635726918442,1
0.821180315905283,-0.2259049913496791,1
0.826936818082719,-0.22118788695012578,1
0.8282500066640704,-0.2284388022576634,1
0.16451854433928012,0.558259780273825,1
0.16685579872606535,0.5591936685732579,1
0.1689461697211292,0.5609032556375094,1
0.17436542132150598,0.5526212110526131,1
0.16529031960190804,0.5498133495263605,1
0.1610671146080039,0.5288923385631353,1
0.16058886573595405,0.5415458160895189,1
0.162100706165416,0.5361218468486781,1
0.15819178517894122,0.5394515589765249,1
0.16789133852723365,0.5651450871492226,1
0.8200144002422665,-0.2254113088487916,1
0.8232767628655839,-0.22245383783465109,1
0.8206918818659641,-0.22998768141888914,1
0.8208148168206862,-0.22748276516138158,1
0.814818772238637,-0.21811863965700218,1
0.8130770371084965,-0.2216653430139484,1
0.8190728709979632,-0.22414072937203564,1
0.8097558490151539,-0.20913381073843096,1
0.8142438437130693,-0.22774879359632755,1
0.8165510249660752,-0.1982302844845742,1
0.1719465981706546,0.5490789571012414,1
0.1666635983942578,0.5761658107172389,1
0.1577486337248539,0.5427332446901023,1
0.1723764882583015,0.5774180678127069,1
0.16264579152194517,0.5376019978388314,1
-0.5951680495067325,-0.11009167735834936,1
-0.5915498314337617,-0.10949381009710318,1
-0.5990982807890775,-0.10650587699380712,1
-0.5873014309852748,-0.10601082264907145,1
-0.5986988980981549,-0.1048518120812451,1
0.17216710315023115,0.5483942957612709,1
0.17260007518545947,0.554209100560311,1
0.18961188293809528,0.5722884250591981,1
0.17492253092095136,0.5476804375125577,1
0.18611133209868233,0.532974411406137,1
0.18287604236209493,0.5569387236497638,1
0.17392003668785894,0.549467367002353,1
0.1807785264888662,0.5440291946592575,1
0.17091529194253122,0.5737207227722176,1
0.16951910459033764,0.5462197562057653,1
0.16804411552178247,0.5456916652816933,1
0.16334249780284862,0.5371854236750107,1
0.1706152396960255,0.5566415228144552,1
0.16695627117607278,0.550208700984061,1
0.17015604675382523,0.5430012509525607,1
0.17047076095839842,0.5484888856526992,1
0.177862650273772,0.5463025308886642,1
0.16916320785917235,0.5412209381356398,1
0.16897001218787874,0.5588542548702286,1
0.16449211881134468,0.5589990894080262,1
0.17814448228246219,0.5766064322448912,1
0.18259441585616923,0.5797361449685521,1
0.1766001017145315,0.5802077210053965,1
0.16961580326572268,0.5608514865933261,1
0.17996094337800408,0.5675707216375395,1
-0.6016997654559763,-0.10300738011781478,1
-0.5885453860247584,-0.0812391063472176,1
-0.6000483457369041,-0.07965787188678497,1
-0.5949980394884145,-0.10424380883183056,1
-0.6011489277139408,-0.09483679963999228,1
0.171786311172115,0.5507004715688429,1
0.17899642171728775,0.5564913614790663,1
0.1659616288392884,0.5538751441529961,1
0.16976176485251182,0.5387702861051676,1
0.1712971914581122,0.5401847194032833,1
0.8176965255061649,-0.22904665095434038,1
0.8302101834992915,-0.20718884787262348,1
0.827090322941687,-0.21295200176873416,1
0.8259410818711366,-0.206184852153549,1
0.8253675409120831,-0.1933354485289022,1
-0.6010288138081394,-0.10252770366514856,1
-0.600393325326954,-0.11918869127416983,1
-0.6066567138277367,-0.1108802071724315,1
-0.5972211775077106,-0.08595491181110963,1
-0.6092104240614051,-0.10467115521525085,1
-0.5873148609662051,-0.0931225508463889,1
-0.5909578300545575,-0.08186552640547427,1
-0.5905262347736199,-0.0964887964246862,1
-0.5905994621566193,-0.10650216062559208,1
-0.5933710586789528,-0.09351844811024045,1
-0.580664502541058,-0.09800897312432129,2
-0.5686317382896295,-0.1051393455682588,2
-0.5808882490130771,-0.11228786140049593,2
-0.5827347730772595,-0.11465178890570416,2
-0.578899689004088,-0.10609284127377529,2
0.18551630194535373,0.55699472629031,2
0.17293636325402537,0.5438066285507237,2
0.16733722449389618,0.5390595822659482,2
0.16905195765837638,0.5562950329851185,2
0.16701344005035912,0.5417249200390615,2
-0.5839047752912434,-0.09144451168248219,2
-0.5805799818045041,-0.0888640031602601,2
-0.5719748647386099,-0.09646471001871236,2
-0.5835453716369449,-0.10613208289903443,2
-0.5886720085699241,-0.09425332650167527,2
0.8237714045455051,-0.21598054318887328,2
0.8241418329861441,-0.21732332921262207,2
0.8278982281244536,-0.19878994404572936,2
0.8234471522927733,-0.22498418233523595,2
0.834705161408331,-0.19776468103761394,2
-0.5894531071950847,-0.09590085604528788,2
-0.5897703005837435,-0.1017556435026702,2
-0.5880956453235869,-0.09173057150044253,2
-0.5776186880721366,-0.08998435502455905,2
-0.5867931053285953,-0.10591261681747158,2
0.18947227072795672,0.5345434572798834,2
0.18321874665408788,0.5345829964020306,2
0.1769075321111743,0.535663916109847,2
0.17660898854425802,0.5418270628800048,2
0.18322235076149887,0.5624802302053138,2
-0.5969674204518421,-0.11231775415523791,2
-0.5926962012447609,-0.11639593937761697,2
-0.5921966183128358,-0.1010950721246428,2
-0.5918304325519181,-0.07730337037138087,2
-0.5917810711109917,-0.10622431371370844,2
0.056629574617563426,-0.8771158030238785,2
0.06050191919743651,-0.8721958268730731,2
0.07693232363979727,-0.8821484001738719,2
0.06266206136106638,-0.8595532404065753,2
0.06514397603384006,-0.8760488936227773,2
-0.5901505722652558,-0.10552496498668464,2
-0.6022620420781631,-0.10615937974298542,2
-0.5982377010670509,-0.11278853257985844,2
-0.5922000569817217,-0.10819941501274868,2
-0.5905152753930438,-0.10672227251775646,2
0.8286065533112358,-0.22403666201039413,2
0.8294080145181516,-0.20100964359593168,2
0.837625105105666,-0.22929520152730698,2
0.8213283422377299,-0.22110250192801076,2
0.8331381392414248,-0.22038605547573564,2
-0.5931446331121363,-0.10157072990814696,2
-0.5914399120922322,-0.08695202558823975,2
-0.594915357560783,-0.08510675818535716,2
-0.5789158017927047,-0.07839053483787846,2
-0.5765670713209357,-0.0755347822005842,2
-0.5883532967647186,-0.09538822370040397,2
-0.5914726871468934,-0.10451247354096668,2
-0.5908604829468125,-0.09599783920550087,2
-0.5977188386330964,-0.10500307251489174,2
-0.594438005910373,-0.09713966851653989,2
0.18056553164796332,0.555128249792427,2
0.1917163078548834,0.5717096545731154,2
0.1759548945581981,0.557129403740043,2
0.1881654265996655,0.5519978019777455,2
0.19211162031359885,0.5497816631817829,2
-0.5913623286518953,-0.10726866842015695,2
-0.600480774387823,-0.09431871716724241,2
-0.5961951226934613,-0.10808274743505521,2
-0.6023109700981284,-0.10197387603133319,2
-0.6031140304018612,-0.10253835543218692,2
0.169337922654119,0.559276157337708,2
0.16631614176493645,0.5265669984132862,2
0.1572773765234325,0.5419429667659936,2
0.16291987886145168,0.5444601403281826,2
0.16487325418213233,0.5551188577026042,2
-0.5851799763925629,-0.10474840588486162,2
-0.5834418039593602,-0.10304546256192439,2
-0.5930181433397848,-0.10079860810629616,2
-0.6032943092719752,-0.10074987184741209,2
-0.5946829093611038,-0.10139346126525028,2
-0.6027778960747189,-0.11020657076248919,2
-0.6011302966100889,-0.09550318225497252,2
-0.603852933788638,-0.10586499938731966,2
-0.6066668700021547,-0.10307156281185097,2
-0.5992216094766216,-0.09465542426815138,2
-0.5998239705733929,-0.10875886837791911,2
-0.6029291522275284,-0.10040758335355378,2
-0.5932038415255022,-0.08980004915083892,2
-0.6012023264599183,-0.11066658364866226,2
-0.5978334206126453,-0.08969426453811656,2
-0.5914204545383497,-0.09215304865977322,2
-0.6031068486726125,-0.09398012780076041,2
-0.5851079567401569,-0.09388642174768869,2
-0.5943635741244548,-0.07663382883206933,2
-0.596838893480361,-0.0975914713196005,2
-0.589186902216367,-0.10817496344312245,2
-0.5962233264932809,-0.11091358748334787,2
-0.5874123738561889,-0.10499681445316522,2
-0.5912322207975804,-0.10831757319527659,2
-0.5859079045629412,-0.0911692561649761,2
0.17064966255411468,0.5394885603556351,2
0.1686210900658341,0.5455498377743349,2
0.1632105019733055,0.5440577711793024,2
0.17487968452168887,0.5479780376610852,2
0.17002290853380006,0.5447923234070552,2
0.17357131535751455,0.5376596861728413,2
0.17065253823930002,0.5552327464771223,2
0.1724336251888601,0.5484279637027611,2
0.17640118958825868,0.5727418052331948,2
0.17685519576505931,0.540356076965402,2
0.8277454148025231,-0.205962032214689,2
0.8370622731947617,-0.18792843782750346,2
0.8342769722161457,-0.1998403187964966,2
0.8166914719876254,-0.22197270007331138,2
0.8276888751021233,-0.1903977936357629,2
-0.5885222223801497,-0.1092822658893125,2
-0.5862858163950125,-0.10677745437389041,2
-0.5884843413692084,-0.09654491138732889,2
-0.576440884930154,-0.07356905406129878,2
-0.5835813333579772,-0.07023240609772709,2
-0.6051201715823527,-0.10265722103669683,2
-0.6041948063435634,-0.10439726555094937,2
-0.5969337161642334,-0.11208783416333626,2
-0.5980562214438941,-0.11545184239775935,2
-0.5860627316318264,-0.09020833549480975,2
0.8490069567991309,-0.21646808736031806,2
0.8302735128687467,-0.22216837845881585,2
0.8379476280011557,-0.20084197249472546,2
0.8386944869536551,-0.2016102484611862,2
0.8406313321272081,-0.2230425820011461,2
0.8244038801367599,-0.22834381615193958,2
0.8235965865590126,-0.21778739800137822,2
0.820268265698913,-0.19560012765115636,2
0.8268292226665026,-0.21476244453424145,2
0.829901362772683,-0.2233664956228916,2
0.8090784511351093,-0.22755829362523336,2
0.8117352511051527,-0.22359606483403666,2
0.8205747645295355,-0.22591080736672997,2
0.8258058850766546,-0.1993685227983742,2
0.813008941328128,-0.22509306056086806,2
0.1804846028868628,0.5510670282317693,2
0.18217637503321416,0.5483062080617417,2
0.17201176711449012,0.5502788129174645,2
0.1821843605430591,0.5561226362168454,2
0.18362919013241435,0.5526606171367284,2
0.18469391021970566,0.5661825499967011,2
0.19185650087161646,0.6005947753836582,2
0.20190017008369496,0.585241464521163,2
0.19455506190461297,0.5989182512026426,2
0.1673345132209731,0.5577843589655541,2
-0.5865941604622981,-0.09965809683274185,2
-0.5797147005925088,-0.09667013613668295,2
-0.5777688690684049,-0.0848298409165427,2
-0.5739875720436151,-0.08404569566323153,2
-0.5664525333104536,-0.07518739420918803,2
0.8541817724492018,-0.2125988370016329,2
0.8419826227724702,-0.17994597295875595,2
0.8473869803832825,-0.19129608555332986,2
0.8637829287457095,-0.1841819397675326,2
0.8521256082984026,-0.20138023725568172,2
-0.5805529145698036,-0.09729748603120826,2
-0.5694039723828817,-0.09582843280246069,2
-0.5697082064583012,-0.08187366912203714,2
-0.5734194586898307,-0.0766131946886214,2
-0.564516597616508,-0.07524214342780065,2
-0.5709209087230918,-0.10412300258863225,2
-0.5698518824058252,-0.06501093080744454,2
-0.5647773916758092,-0.06310544661435262,2
-0.5715311146495948,-0.0838982302920653,2
-0.5680295856039079,-0.06401666763138414,2
0.8123968240535336,-0.2250690079083604,2
0.8223599276468769,-0.22932528784581682,2
0.8176109717019998,-0.2207683864014064,2
0.8339807855621426,-0.23079329345786478,2
0.8153420058958246,-0.2195405606164987,2
0.18964701162251266,0.5796348951667106,2
0.18054568659224857,0.5479343713268968,2
0.18557738861531223,0.5523558500934183,2
0.18858242592356067,0.560235868351127,2
0.19430013174930783,0.5705082157326871,2
-0.5916134970237559,-0.08280352358705399,2
-0.5770528215538959,-0.07834041894726343,2
-0.5841512074665749,-0.09000347305817402,2
-0.581303218352142,-0.07600944158786647,2
-0.5684570796593676,-0.07070855471499986,2
0.179084337983589,0.5387735554405066,2
0.1810638518781538,0.5581688253283971,2
0.1669811395011043,0.546314011560141,2
0.17355735139477022,0.5453515292607511,2
0.18008140376459056,0.5718595490499268,2
0.18223907423290248,0.5452762982882413,2
0.18803010636367895,0.5603461573802364,2
0.189226801903654,0.5587661987672191,2
0.1846588610936757,0.5425266056133606,2
0.20075838950487176,0.5821388353884182,2
0.1888670760327224,0.5735979046375013,2
0.1923020951135018,0.533045522945417,2
0.1909809429835215,0.5390781344352878,2
0.19913930888071218,0.555283813694898,2
0.189714219332136,0.5658072584913698,2
-0.5779079816425944,-0.06714531819427265,2
-0.571411437125114,-0.08794193007908285,2
-0.5870803790701231,-0.10031288403215258,2
-0.5822740368100672,-0.09553881635456053,2
-0.571224597946091,-0.07529976230871074,2
-0.5701988861463125,-0.10098756078946937,2
-0.5806999549150593,-0.08212868816430281,2
-0.5856145443906428,-0.10134287834652296,2
-0.581726184409808,-0.10736249762964532,2
-0.583545303308667,-0.08813289024790714,2
-0.5844613035906568,-0.110582195151221,2
-0.5900299443564779,-0.09833189539926533,2
-0.5970211748681564,-0.10253213297038982,2
-0.6005621195421608,-0.09958505421719432,2
-0.58914347657063,-0.10268529550750032,2
0.1622152947410404,0.5410910760091606,2
0.17075375873091683,0.5401049235733316,2
0.1565408052926222,0.5295812560727937,2
0.17332706155786468,0.5539723396025572,2
0.16179024813474602,0.5480075629694504,2
0.05870511564602417,-0.8663872038099664,2
0.05105058314963116,-0.8681171083148029,2
0.061641665910180034,-0.8540196687584167,2
0.05495753191738044,-0.8673167672293777,2
0.05663356984308167,-0.8731737645081487,2
-0.5958941942721022,-0.1072132218113452,2
-0.600530781844627,-0.1056859583516021,2
-0.5955402860445661,-0.10905859718825445,2
-0.6039204755150058,-0.10272088801030749,2
-0.6024249069720101,-0.09824025062470364,2
0.17397063104918753,0.5492236112320864,2
0.18227808397092837,0.5315895275182033,2
0.18172608070532395,0.5703181791020212,2
0.17479169520161025,0.5334461330714795,2
0.18290740297578867,0.5544283873120613,2
0.8351086368768462,-0.20311685711872082,2
0.83857935959101,-0.20260778940280333,2
0.8378673521290947,-0.21002440775355455,2
0.8348798496723546,-0.22820045810494852,2
0.8416063890975242,-0.20804085228382624,2
0.8271097395077136,-0.17819495088680867,2
0.8244496448347185,-0.21965483518004894,2
0.8269323841090068,-0.21171458216796454,2
0.815471920315539,-0.22517818613116108,2
0.8287773129046384,-0.22706734709771487,2
0.1799567065023012,0.5482372499728947,2
0.16726381085702413,0.5667054162132362,2
0.17816636968288566,0.5504572234013345,2
0.1867771300415487,0.580976770475387,2
0.17386456320072086,0.547277687695502,2
0.17589634716973093,0.5443400984770269,1
0.17003743898187482,0.549756960215033,1
0.17405134275088432,0.5584293264833134,1
0.1723941233098058,0.5441870212058675,1
0.18084315901879847,0.5344422295964796,1
0.8144771450897836,-0.2222100359136008,1
0.8110828023678666,-0.20986837727090824,1
0.8157288142311773,-0.23219032731568304,1
0.8137214352686979,-0.2268315091036131,1
0.8172026787933164,-0.227289738527253,1
-0.5864769432769248,-0.1000743211782254,1
-0.5877592036855038,-0.0953145057425916,1
-0.5749196070794294,-0.10175460773450566,1
-0.5706656859041604,-0.051379826709330785,1
-0.5753267188070693,-0.09568497058687275,1
0.17093179897840152,0.5562786950641171,1
0.178896924212376,0.5341370492313473,1
0.17303135601962896,0.5620622624551187,1
0.17282732447595447,0.5547993521796036,1
0.1720361595615083,0.5352419202082334,1
-0.6152557343838047,-0.11034580386029595,1
-0.6109814993536603,-0.10460250725363729,1
-0.6165508498247434,-0.09868917000875456,1
-0.6132869921427974,-0.09833117812810047,1
-0.6156671341337502,-0.1026294062453017,1
0.833244759063939,-0.17783939598970308,1
0.8351343133432726,-0.2163142908802768,1
0.8419596660100617,-0.17976891609893322,1
0.8295546668879296,-0.21226145408570193,1
0.8360939308279494,-0.20556622212845527,1
-0.5684168735391107,-0.09251382294482573,1
-0.570089117631795,-0.10855054910306425,1
-0.564707508545866,-0.08867790282370856,1
-0.5661372435832929,-0.09321468743812458,1
-0.5712066502330136,-0.07460018068506082,1
0.1775237046276699,0.554426764908873,1
0.19375679328881648,0.5731277290281225,1
0.18644326185561655,0.569303498916269,1
0.18059051490393344,0.5693377949331733,1
0.18359763318635464,0.5599028594703724,1
0.18365279048356134,0.5710952136384052,1
0.2058718108945091,0.582147523089511,1
0.16780065998298427,0.5568043904179145,1
0.184920885730788,0.5462421572998993,1
0.187399806765514,0.5757260896906181,1
-0.5814546099480703,-0.10430995490464126,1
-0.6033102101277964,-0.09157463833894433,1
-0.595574765758688,-0.09105001862727347,1
-0.5878911978092827,-0.09202422391782362,1
-0.5918754946060794,-0.0780332351181636,1
0.8091187682394824,-0.22066731518341587,1
0.8051947850686759,-0.2211774625382605,1
0.8036196168784054,-0.2248190758374854,1
0.8103903762326431,-0.2069213603053985,1
0.7996041347007853,-0.22115770810628518,1
-0.5938402773181719,-0.10759132626193481,1
-0.5885931077140389,-0.08148099782953298,1
-0.5982037608830367,-0.10790064030604819,1
-0.5944853001478734,-0.09978151931089828,1
-0.5974464348735629,-0.10119100870134959,1
0.8109409396420699,-0.2238184743423824,1
0.8189067197405953,-0.21189092794301115,1
0.8360599387014106,-0.2251285163408849,1
0.8217143826439691,-0.20839360726775233,1
0.8228858813693398,-0.22718044733389858,1
-0.5996453775883838,-0.11302909567802535,1
-0.5943863167679009,-0.11700144588994643,1
-0.6031634720060719,-0.10481112034261157,1
-0.6053223313439171,-0.11662991113336899,1
-0.6079486100184675,-0.10313786406491861,1
0.16581965558970943,0.545746928417503,1
0.16934592186747663,0.5475753633914657,1
0.1743315462087993,0.5460845176693003,1
0.17649085433357914,0.5751989568696851,1
0.17879513562505145,0.5477412246414819,1
0.17084272027256459,0.5468217021267447,1
0.16522399129196355,0.533775989839144,1
0.16569318444028056,0.5457323192302435,1
0.16692330004258785,0.5412124769387808,1
0.17637326769053432,0.5502533395818021,1
-0.6057852429062585,-0.10048756422922915,1
-0.6127133646204931,-0.09542927626298146,1
-0.6029290896614069,-0.10911673705801371,1
-0.5963196728495564,-0.0935721905813861,1
-0.6067985214569847,-0.10493257293771624,1
-0.6054650756393002,-0.10212503456581339,1
-0.6080716154528092,-0.1063392362989484,1
-0.6083251318621442,-0.11055765603014649,1
-0.6046732055937676,-0.11518951344568827,1
-0.6047951931462567,-0.10252595877124876,1
-0.6091736520644694,-0.10619161407037564,1
-0.6092791812766057,-0.11275473643290684,1
-0.6138634580424956,-0.09845891718658346,1
-0.5988631507636755,-0.10577358466952526,1
-0.6063103725481075,-0.1121729560449991,1
0.16824551504531046,0.5533774282819706,1
0.17074216693174082,0.5484112476843492,1
0.17063875295331965,0.5373517549959727,1
0.16306305844055172,0.5479348298553354,1
0.1694689692081665,0.5441041611882783,1
0.16741458855584906,0.5406054092469573,1
0.1681984050710616,0.549258977313754,1
0.1553134681765623,0.5419905284525728,1
0.15736238525793222,0.5400421129797072,1
0.16052878394739437,0.5437982066556214,1
-0.5963201067705381,-0.10831266853556648,1
-0.5860461600937729,-0.104902682440972,1
-0.5958954569809396,-0.10313746463276598,1
-0.6070569828774327,-0.10476778036523211,1
-0.591750114070958,-0.10592287075979365,1
-0.5956530250114248,-0.09887345563722591,1
-0.5965539993454493,-0.09749600769786033,1
-0.5968038359247875,-0.10958641406936097,1
-0.5845568656229797,-0.07699856191466041,1
-0.5992330787467478,-0.10569733575801989,1
-0.5916769262016767,-0.09651694438842569,1
-0.5921585689617755,-0.10044714290300895,1
-0.5885692214622883,-0.10251329019799446,1
-0.5775018718592525,-0.10618437716267319,1
-0.5861624520857613,-0.0863779208372189,1
-0.5890675235548569,-0.09377897611503759,1
-0.5944850213386615,-0.10173883287165537,1
-0.5903148051103002,-0.1014005072978328,1
-0.5863749361638432,-0.10850085097916928,1
-0.5926874614871327,-0.10627669200305814,1
-0.5745883174131096,-0.10731922409084699,2
-0.5827046685710436,-0.09217842696262352,2
-0.5783971682253112,-0.0872978454581332,2
-0.5765285798669791,-0.1065004882461067,2
-0.5756537618180422,-0.09035404154594871,2
0.2049467573787905,0.5790645413764036,2
0.20331487085741898,0.5540490088450882,2
0.20954122687020577,0.5802884774780869,2
0.20296910755831232,0.5598926394746394,2
0.20365687514850705,0.5742220007014193,2
0.8182082301887937,-0.21580328984817315,2
0.8158010549383067,-0.21488805399097757,2
0.8162176333601715,-0.23543850335435312,2
0.8180765900563991,-0.1970361153694943,2
0.8139040031648532,-0.21941129787672117,2
0.8159116882603533,-0.20430376836578468,2
0.8143558569036128,-0.23553504507960465,2
0.8126419344325909,-0.22764912342096483,2
0.8211850879121593,-0.20658648996691029,2
0.8087591045468606,-0.23139999917796325,2
0.0710113840389009,-0.8388089994870903,2
0.06647033419623045,-0.8606845183083726,2
0.07802119959749235,-0.8377747972357408,2
0.07472611060993865,-0.860930483149287,2
0.07452736768349164,-0.8447650210680436,2
0.1686717092292308,0.5309623063963405,2
0.16390804047137592,0.5374286838022633,2
0.1601572920605084,0.5467424905324535,2
0.16146979763314392,0.537459029321534,2
0.1709512300516692,0.5515731829934569,2
0.1759466165206751,0.5277987730059923,2
0.17270858152837346,0.535543935336167,2
0.17615859600147923,0.5348113535679411,2
0.17430331125604978,0.554316900969917,2
0.16267530150562415,0.5347872052398287,2
0.1638555384031341,0.5611626244501456,2
0.1852073993690579,0.5254933847663041,2
0.18539413686925127,0.5861486546166018,2
0.16542463851579542,0.5395143103043145,2
0.17409075466434812,0.5397760816159957,2
-0.5869148570455632,-0.09515025508252314,2
-0.582651885247394,-0.0736321246736764,2
-0.5868231006012034,-0.09611771401000978,2
-0.5887280641474142,-0.09952360909031092,2
-0.597055479460334,-0.10337388215647862,2
-0.5776844540718307,-0.09374942597888263,2
-0.5722377887486535,-0.08139157763064712,2
-0.5795315209721942,-0.08171998551528067,2
-0.5625469907540912,-0.10407477959410402,2
-0.5708118541474466,-0.07634247626440491,2
0.1779916105310793,0.5405102028189516,2
0.1762357175858871,0.5504392117008567,2
0.17334819024154974,0.5642765220803968,2
0.1716302821670312,0.5422956919902208,2
0.17659177812983043,0.569883550682443,2
-0.5768523219350321,-0.08180780356317882,2
-0.5792697363655481,-0.08174359402271762,2
-0.588728836331097,-0.09237495473225592,2
-0.5815825287197802,-0.07816864500487741,2
-0.5780320917866534,-0.07774408830107143,2
-0.5915452658576228,-0.09793191378983652,2
-0.5994218631336047,-0.09787333556038406,2
-0.5886987261728961,-0.10375195185511879,2
-0.5927047451271394,-0.10869693744617696,2
-0.586798048446516,-0.07145376355618757,2
0.8228329060143138,-0.2227180288703755,2
0.8270228122658339,-0.22100781166674704,2
0.8185202320259172,-0.20951379930416422,2
0.822293920558063,-0.1965576569856183,2
0.8203255636449657,-0.21705930750050734,2
-0.5816192822582501,-0.09992338298905243,2
-0.5811277958790789,-0.09482433985762344,2
-0.5825379289160035,-0.10547144656373802,2
-0.5774164861278354,-0.09547930377118702,2
-0.5778596028362858,-0.09903938059053245,2
0.8324110175582082,-0.21592413407244052,2
0.8389738921139649,-0.19823977170334298,2
0.830819646957134,-0.2179320927105586,2
0.826920679096315,-0.21965182006749803,2
0.8285196707430575,-0.21075708559585415,2
0.189218171278478,0.5433648532203554,2
0.18821137516690092,0.5627655749329992,2
0.19108667006699756,0.57849317328691,2
0.18167435934532233,0.5436972521163863,2
0.1865218363668512,0.5701449158021079,2
-0.5839238957127176,-0.08855867739974131,2
-0.5937177865827769,-0.09892162153770724,2
-0.5884012678047063,-0.08891698516042426,2
-0.580456706151456,-0.10771156003772185,2
-0.5903069324507241,-0.10761173790330422,2
-0.5871657178418659,-0.10533217378954822,2
-0.5931851035338224,-0.09482040640368374,2
-0.5888193424056682,-0.07358368981466434,2
-0.5960569022959299,-0.10475680604028374,2
-0.5937743911990329,-0.1073888961122932,2
0.16563836495025785,0.5401080397947154,2
0.1919190646171678,0.5794106232653232,2
0.17513841805471175,0.550332181265571,2
0.1856197212055933,0.5624296904018128,2
0.16746481830066368,0.5436412831067211,2
-0.5881508754748663,-0.09647194010281367,2
-0.5883877449385932,-0.07335246788439463,2
-0.5882970706365706,-0.08164753892597011,2
-0.5883877449385932,-0.07335246788439463,2
-0.5880007717412385,-0.10634776510922939,2
-0.5927893089718189,-0.10195931426910834,2
-0.596280968790832,-0.10199319549683451,2
-0.5936662642106206,-0.10806298794042953,2
-0.589835838736641,-0.0867335348672918,2
-0.6038233309632777,-0.09156814361737503,2
0.1689365064772248,0.5697483762932103,2
0.17216214291234858,0.5481661270914542,2
0.16509337764615692,0.5569714939079103,2
0.1705154344361951,0.5415978918680016,2
0.16972472175476747,0.5532285324898435,2
-0.5564985262685325,-0.0628572974090319,2
-0.5680194193163097,-0.0811442765214367,2
-0.5589603096209806,-0.09195105060712197,2
-0.5636380856738534,-0.06277829097237587,2
-0.565034622140008,-0.059316051263575705,2
-0.5983811434109764,-0.08544325121382791,2
-0.5967959175647848,-0.0760330824827581,2
-0.590166124298188,-0.09186419525913772,2
-0.5985626170640441,-0.0909449136169143,2
-0.5914614385661296,-0.07474068752483636,2
-0.5954073846224686,-0.10330989572761487,1
-0.5887957746234459,-0.10648537833785753,1
-0.587477762236084,-0.1042168277969253,1
-0.5959458403615568,-0.10348518289444406,1
-0.5930443685414023,-0.11153467299969332,1
0.1656671608180843,0.5614354682657182,1
0.17098700432721164,0.5448794805123327,1
0.177527913232694,0.5503102981753668,1
0.17481139322788167,0.5683044967916313,1
0.17358707335052345,0.5410079245856951,1
-0.5919228296061526,-0.09596245668234095,1
-0.5874157318491028,-0.09420298509518875,1
-0.5934629768372134,-0.10216073329703809,1
-0.578721439444099,-0.09324379157277361,1
-0.5887402400229289,-0.11400435379798611,1
-0.5800046014014663,-0.10161734014088587,1
-0.585607956193448,-0.09029095485197289,1
-0.5920233387157114,-0.09967330562749113,1
-0.5837329175772512,-0.08567772189025413,1
-0.5853782031340582,-0.09865354169771122,1
-0.6198871913930654,-0.11243194258838686,1
-0.6255384604212667,-0.10956815936667574,1
-0.6213120538022422,-0.10838611577353983,1
-0.6158104258281207,-0.1155034990500215,1
-0.6162065458336052,-0.11834342853208178,1
0.059981946074170844,-0.8559270860081968,1
0.055314575770986064,-0.856879757713866,1
0.058436086073796176,-0.8529945814146362,1
0.06235441589918659,-0.8502056919185709,1
0.05443473931897402,-0.848747939985379,1
-0.5888793715335483,-0.1052486205743337,1
-0.5902767599817222,-0.10804333064348885,1
-0.5857342717955749,-0.0850065817491568,1
-0.594521424121748,-0.09681614499255282,1
-0.5841693574246882,-0.10222153256325402,1
-0.5676463798888015,-0.09316548266303701,1
-0.5625376925890085,-0.08438309864901035,1
-0.5620282241276137,-0.07583201202331853,1
-0.5675195085224459,-0.09345118756065152,1
-0.5488432527022252,-0.0590200502573083,1
-0.5789669151222688,-0.0956150429229491,1
-0.5873717201036671,-0.09308569760545768,1
-0.5833190968774006,-0.07341954276678074,1
-0.5749553109647875,-0.074124585288711,1
-0.5852122254845779,-0.07698276906548182,1
-0.5926948353607931,-0.11407564700766624,1
-0.580836953397574,-0.10508244293851428,1
-0.5862639812794297,-0.10654521713407908,1
-0.5929327304060621,-0.10535345368237385,1
-0.593352399247848,-0.10540525642511303,1
0.19839498730251176,0.5807496465363933,1
0.1933250563913862,0.5635091853979696,1
0.19458574703554746,0.571539924624183,1
0.20940127859479463,0.5694263924967997,1
0.18555100973795052,0.5704160389654703,1
0.1738893242150241,0.5401914292031522,1
0.17767615878087573,0.5371651570476316,1
0.181931256655865,0.5277094002680216,1
0.1752425517962211,0.5468647368563733,1
0.18399440232397715,0.5535333277660561,1
-0.57938497695788,-0.08790353922641714,1
-0.5816195315607112,-0.0836778688300894,1
-0.5733728015171302,-0.09907087302957478,1
-0.5699261730986559,-0.07879374503888326,1
-0.5815876501355409,-0.10669971974921663,1
-0.5831316791134578,-0.07982127460400974,1
-0.5880180476403676,-0.09639756157117221,1
-0.5775775807200609,-0.10338911057519053,1
-0.5770922933791082,-0.07046571731457824,1
-0.5718687420441739,-0.061695011428216595,1
0.8425521257735974,-0.22210553556417376,1
0.8239481459635489,-0.22089105718383786,1
0.8363465164683739,-0.20830438375700217,1
0.8384473593360637,-0.20514780914969558,1
0.8249756821153511,-0.20953267996208796,1
0.17822806312353198,0.5386794556752242,1
0.17102615040364635,0.5369918990701245,1
0.1778237053866982,0.5385439492522875,1
0.18485173273125868,0.5450039938336806,1
0.18107962739851052,0.5441982475723363,1
-0.5932585606630916,-0.11054104261566254,1
-0.6047532878653571,-0.09756139775504913,1
-0.5907592427410755,-0.11372572443434649,1
-0.5979529631889252,-0.10970378111953644,1
-0.6027650661585635,-0.09797558793349741,1
0.8286202803204998,-0.22839470035142878,1
0.8322500509781682,-0.2043941604550658,1
0.8237008650807947,-0.22758049866633065,1
0.8227692129201636,-0.22131550090762175,1
0.8295696282115601,-0.24015430951324268,1
-0.593775442174108,-0.10804215136496505,1
-0.5889824810332546,-0.10075855753858405,1
-0.5942104066237544,-0.10090212431179083,1
-0.5857159727198932,-0.10050523993497999,1
-0.5903450485977879,-0.08135182102970193,1
0.17809938396693722,0.5403984556000822,1
0.1828014933604571,0.5387661249178776,1
0.18212740040271683,0.53926510638248,1
0.17443993618810802,0.5429085096771544,1
0.17841053426416154,0.5320913495331074,1
0.8246232869707618,-0.202830083009876,1
0.821815072976052,-0.22391715350963387,1
0.8157777704202887,-0.2088667997468118,1
0.819576125152707,-0.21897782552353476,1
0.8308876133135776,-0.23048246586395646,1
0.8141507886699269,-0.2276556205631784,1
0.8161506599468307,-0.22760427362843375,1
0.8056510531760352,-0.2244124095880366,1
0.8086075264877226,-0.22617125683735542,1
0.809772795964786,-0.23657399834212195,1
-0.6043635054719827,-0.10779060211762646,1
-0.6038778384409497,-0.11229949644800104,1
-0.5963098363636659,-0.11735033140955156,1
-0.5876848603588621,-0.09574938790722551,1
-0.5977805502115814,-0.10233980237055924,1
-0.5962162347858763,-0.08947673864493019,1
-0.5882959533772599,-0.10432444259699591,1
-0.597034293380053,-0.10290122860833215,1
-0.5835093520025514,-0.08801527956710119,1
-0.5953857502071928,-0.10509968992304536,1
0.16023920481293652,0.5486824430329581,1
0.16976810215134297,0.5596779792811449,1
0.17768561261887167,0.5637078153458498,1
0.16494789118693778,0.555263680430894,1
0.17398927337831843,0.5558481402969973,1
0.8206911357561721,-0.208848027953629,2
0.822383055921927,-0.22419044479383762,2
0.8055839895651208,-0.21417321487945823,2
0.8107521067689436,-0.21199622871281582,2
0.8271325098333524,-0.21367568144588936,2
0.18106112204156408,0.5670352919333613,2
0.16996402124553675,0.5524830961926074,2
0.17646203581658398,0.5404697830206813,2
0.17404123994826387,0.5531200930477697,2
0.1840161854748276,0.5366485116854564,2
0.17241860449655216,0.5463353751684852,2
0.1782005549692104,0.555300953372785,2
0.17852033570236825,0.5487805733099327,2
0.18635096122646141,0.5338594476291322,2
0.17722912435643368,0.5621869000123915,2
0.8173583992784902,-0.2252025930648337,2
0.8124586685967267,-0.22668406521538886,2
0.8159127923745669,-0.23532400902058354,2
0.808565866693206,-0.20824038249295532,2
0.811886880583862,-0.2393442449100559,2
0.8335342840655079,-0.21758312044432146,2
0.8402261969785343,-0.23263838105969478,2
0.8333679746463225,-0.21511865984571962,2
0.832024096175301,-0.2123343389583362,2
0.8263700913828376,-0.21891863626484814,2
0.2024055195692452,0.5590987170613374,2
0.204191503448992,0.5308203833304864,2
0.1860891853692952,0.5592514354014438,2
0.20802537385423453,0.537468073515889,2
0.20036986372445964,0.5406287847129239,2
0.8287046763639907,-0.22434631633619295,2
0.8440393282394046,-0.21350515953344187,2
0.8399669626564008,-0.22145229313923812,2
0.8357064565500545,-0.20975878596303724,2
0.8335048936773363,-0.22001918191073358,2
0.8280261168187943,-0.21903493397702764,2
0.8235542736792806,-0.21583301111495773,2
0.8230912115433144,-0.22095732036398977,2
0.8257265235098139,-0.21775568218116975,2
0.8330622306116895,-0.20440851564369822,2
0.16864777177859094,0.52367485500734,2
0.16497552497244777,0.5241787564990155,2
0.17141935068153405,0.551558205880466,2
0.16827677333035,0.5315624172513527,2
0.16107330664846684,0.5545884701634364,2
0.17224965586258736,0.5399745007014588,2
0.1642963792527665,0.5361056788895439,2
0.17421979216407427,0.5362701493443152,2
0.17351029490317238,0.5353196682011413,2
0.16540505320334015,0.532322130414164,2
-0.5972752289240434,-0.09849980827366361,2
-0.5972534507406816,-0.10406884385815567,2
-0.6002131240877763,-0.0994371860478872,2
-0.5960826532336688,-0.10266545934325501,2
-0.599620895831602,-0.08957425661261156,2
-0.5838398481980404,-0.10127836270387841,2
-0.5894233701065225,-0.10946479358920432,2
-0.580870135386957,-0.10540960928442471,2
-0.5855300893088036,-0.09411323845929036,2
-0.5843351819008658,-0.09274447726224198,2
-0.5641283657437702,-0.06862343607751258,2
-0.5721871957321061,-0.10016451876479217,2
-0.5559068561771737,-0.07502147245118225,2
-0.5782029723679118,-0.09815911278242395,2
-0.5733765985535517,-0.10610786100043733,2
0.8214638563107876,-0.20670938590572802,2
0.8308988509119736,-0.1953266553931783,2
0.8317645568167454,-0.21415029417714262,2
0.8344276028552317,-0.17071377206043375,2
0.8319426970036256,-0.2265321712401998,2
-0.5807360291380459,-0.10260226700140994,2
-0.5830516470377872,-0.0896314835623831,2
-0.5814551881897816,-0.10183921505934816,2
-0.5808795081480742,-0.08343102385177324,2
-0.5916275777089206,-0.08282039493763176,2
0.8261074616816183,-0.21467172813162566,2
0.8389253284911647,-0.19347891950237792,2
0.8252846752498115,-0.21077925609224174,2
0.8403099069174683,-0.19701540462004577,2
0.8297646734325609,-0.2092439131234956,2
-0.5632252048060635,-0.08930726276872127,2
-0.572024747833114,-0.10250447004788095,2
-0.5685590204917839,-0.08174170924440782,2
-0.5702319426454339,-0.06853399594523221,2
-0.568783633698962,-0.06955668196390927,2
0.8203606553654682,-0.222001804301592,2
0.8152125333447885,-0.20588774204878568,2
0.8251531240956802,-0.22108540047883146,2
0.8314954700794215,-0.18198285066802997,2
0.8285117686671778,-0.200505231047396,2
-0.5842427355814404,-0.10110224807615262,2
-0.5825314965148221,-0.08552893849947728,2
-0.5800312842247478,-0.08025434804273451,2
-0.5701183431885787,-0.06218064313416385,2
-0.5753447157085805,-0.06662519190547522,2
-0.6056249059696266,-0.11775941799011692,2
-0.6225309944134387,-0.10316306362577309,2
-0.6137346631161795,-0.113283332130826,2
-0.6155357346998317,-0.10665713941954075,2
-0.6116644552949375,-0.10445260461760769,2
-0.6184731025296515,-0.10629092155159836,2
-0.6033490746613095,-0.11111239053619575,2
-0.5939614923797761,-0.08361664321313758,2
-0.6010664498378967,-0.1155278395501283,2
-0.6102619020305917,-0.07360667180324691,2
-0.594776466890875,-0.09646314851510131,2
-0.5982292109253878,-0.11268461572155956,2
-0.5867403159251584,-0.10438702701395557,2
-0.5927324579319039,-0.09864238819405363,2
-0.5788588556659767,-0.08518126637965806,2
-0.6009246308656682,-0.11035479706289882,2
-0.5951186843976125,-0.07529938175150891,2
-0.6050372957511895,-0.10039265616378429,2
-0.6019371571992924,-0.0907500505393876,2
-0.5964437734957707,-0.11263401129318901,2
-0.5665933750265205,-0.07043107328506848,2
-0.5812222651563951,-0.0952742758405822,2
-0.5890872652218044,-0.1046225349985666,2
-0.5846315167893,-0.10281006135396283,2
-0.5897082251680993,-0.10176825327853775,2
0.8196187494831378,-0.20875161683167595,2
0.8107110304475305,-0.22241180545829378,2
0.8251132902561603,-0.2261707038233537,2
0.8288345539225708,-0.17805031353400264,2
0.8251314814129275,-0.20616129053891286,2
0.17564080564308196,0.560993437166278,1
0.1672586201182822,0.5546996890154829,1
0.180320613611195,0.5670895662617748,1
0.16927079060988112,0.5514715818867741,1
0.17436521756544862,0.5363755807444623,1
0.8374273700634803,-0.19252613124259801,1
0.843490058992152,-0.20699677564325303,1
0.8374490102268297,-0.19233769355773325,1
0.8356562679237729,-0.22020346647930988,1
0.8391216864098036,-0.2130358489740624,1
0.05952605600071513,-0.8728702418620334,1
0.05396687252917589,-0.8610874002577029,1
0.04811936580468684,-0.8723539844962853,1
0.057802639250628646,-0.8672327589513648,1
0.06532495769800525,-0.8666690021212162,1
-0.588914693381608,-0.06862724541816427,1
-0.5833288855973671,-0.08908482643825903,1
-0.5814228125832769,-0.09934715369234139,1
-0.5950762798447702,-0.10257119976161498,1
-0.5881392926232544,-0.0845548276315996,1
-0.586931691438328,-0.10017600849076108,1
-0.595191715427074,-0.10126746938391425,1
-0.5898351233060674,-0.11046964830759477,1
-0.5914421253884309,-0.091611338571566,1
-0.6006689656000047,-0.09816415406837374,1
0.17787905948009275,0.5505559085609206,1
0.18496619272139736,0.5527138075597311,1
0.17684606315445517,0.5396394660691115,1
0.1790585018160381,0.5826898161663763,1
0.17602004170294375,0.5409700934969277,1
0.18040393500576235,0.5340498425253487,1
0.17203580242489785,0.5543195900710383,1
0.16890203023815475,0.5264544366926711,1
0.18297429633449447,0.5630160318233745,1
0.18678967519524464,0.544938699985952,1
0.057841556747309154,-0.8649514872394158,1
0.06583859173800125,-0.8643339477201921,1
0.06862347776071706,-0.8457072083296274,1
0.05873092515938696,-0.8719673129357408,1
0.06466728665854471,-0.8557747509505794,1
-0.5971126129425834,-0.10822321752091942,1
-0.5915948729386886,-0.0838061274281621,1
-0.6010373045221679,-0.10987768674169511,1
-0.6008013709613038,-0.0885746033690675,1
-0.5894584049577716,-0.11186444422016066,1
-0.5819130417206411,-0.09707522424997181,1
-0.5854540082547561,-0.10016666725351908,1
-0.5729570395031645,-0.10906946632627074,1
-0.5843697500326445,-0.10799744228276789,1
-0.584089549865426,-0.10576270537073784,1
0.828535910588197,-0.22542406252772695,1
0.8269242995892504,-0.22283461149926553,1
0.8242526309967553,-0.2230469479255529,1
0.8175939854953514,-0.2101713647076827,1
0.8323917258799907,-0.21588548136940142,1
-0.5976888377761806,-0.10709791748016576,1
-0.6114818634107244,-0.11065960014361931,1
-0.6040558018126891,-0.10752113961627567,1
-0.601284446118467,-0.11224589198776984,1
-0.601110854988952,-0.11499779176138286,1
0.8362491691987418,-0.2253909606523593,1
0.8416055557852252,-0.18141234102253,1
0.8373285772757426,-0.22865774439381523,1
0.8353819828950999,-0.2182510268183444,1
0.8246111904631981,-0.21495785849433247,1
-0.5958864524941621,-0.09780906003308326,1
-0.5923081661646594,-0.10865772403743675,1
-0.6033029387227365,-0.10346742018233154,1
-0.6049931465965248,-0.10863484060292454,1
-0.5991987276109701,-0.1029182320625003,1
-0.6148690269094564,-0.10956361596090591,1
-0.6163628253670292,-0.1047433888805872,1
-0.6173583440584373,-0.11105597300017342,1
-0.6116902293889057,-0.0812434567472487,1
-0.6086885767537417,-0.10683422368430971,1
-0.5903668407702971,-0.09299161204008727,1
-0.5860101748171108,-0.11960069487180965,1
-0.5828930791017354,-0.10189836926834538,1
-0.5920977685917731,-0.11544430973654597,1
-0.5989229085568395,-0.10108571873840969,1
0.810795086229485,-0.23016218515301262,1
0.8091764557244027,-0.2012033774844063,1
0.8162500353877302,-0.22845975486055936,1
0.812210964693174,-0.22383427628683683,1
0.8064357319163696,-0.2216217892153024,1
-0.6072529884028752,-0.09328074471136018,1
-0.603184732412022,-0.09890326747362803,1
-0.611904260953844,-0.11455265983543417,1
-0.6105849407944282,-0.11014617612161434,1
-0.6096201367639382,-0.10502346213336823,1
0.8127961733603145,-0.2200200247421648,1
0.8124228308951223,-0.2234696175087723,1
0.8142548409944046,-0.22701233923538028,1
0.8129023159257308,-0.23642094689066198,1
0.809347484153628,-0.21895622108799823,1
0.8249850976410983,-0.23306880283980902,1
0.8245644293683156,-0.22839469486526479,1
0.8250681362115198,-0.2230825933593501,1
0.825974920721051,-0.20978759427054433,1
0.8199211997601805,-0.23052180798509897,1
0.8507513368454344,-0.19740046176888024,1
0.8522770275170044,-0.18780586438365238,1
0.8505091024085017,-0.21356904144565228,1
0.858241186745257,-0.21886851258305223,1
0.8653708053215418,-0.1869177196306759,1
-0.575839313578335,-0.10826742452603885,1
-0.5709062375096422,-0.06604228326528819,1
-0.5826701849722266,-0.09924588197793213,1
-0.574266531812434,-0.10006879595635226,1
-0.5628920773500246,-0.06877543975713821,1
0.813974837073863,-0.22838350204658694,1
0.812723327280742,-0.21683107071598995,1
0.8253838592593888,-0.1944243139709491,1
0.814097935376306,-0.2240472474067945,1
0.8231585652695461,-0.2287746971462757,1
0.8138792267838176,-0.23272160928098906,1
0.8082005978833885,-0.23003205081171,1
0.8134844104997825,-0.2296221701707233,1
0.8111317342578336,-0.2179012327452962,1
0.814992824644984,-0.18654542498050644,1
-0.5942234626462813,-0.11033281633805363,1
-0.5946831247328905,-0.10904269242923836,1
-0.5942066705583826,-0.11358823994547047,1
-0.5897545975092041,-0.10279225633226693,1
-0.5934337808920253,-0.10700860774904457,1
0.8277760375755561,-0.2230839377722177,2
0.8267815243936232,-0.2291026696502048,2
0.8321523053517755,-0.22644111571913159,2
0.8390447687959052,-0.22519288159764514,2
0.8219470929886871,-0.2257390988095197,2
0.16491345307146635,0.53473932298219,2
0.16932367521715935,0.5433049518016483,2
0.1671873878151561,0.541188840461936,2
0.15978520566811136,0.543935196699473,2
0.17622834828525688,0.537632214498087,2
-0.5818212435591724,-0.11432575555982145,2
-0.5893621198542001,-0.09778475156453909,2
-0.5907779407145696,-0.09485497829368565,2
-0.5943218895029588,-0.10505239027583302,2
-0.5953589818763455,-0.10406244083883624,2
-0.5935272494549827,-0.11071544848274088,2
-0.5992682529852466,-0.09660955473004341,2
-0.5844378912168274,-0.11280581130159557,2
-0.6021929468102507,-0.10441601982822647,2
-0.6028601887395099,-0.10490311683748627,2
-0.5979657266169988,-0.10373717878932633,2
-0.6029218789723272,-0.10505611155063352,2
-0.5933342767995794,-0.10412908464815385,2
-0.5975115979614319,-0.11167232087054393,2
-0.6011534042078095,-0.0959126488007372,2
-0.5857789752288085,-0.08081613324859592,2
-0.59336247098878,-0.11565218351436718,2
-0.5953972294759338,-0.09078700049310819,2
-0.5931532595754675,-0.1077673089087213,2
-0.599689647933326,-0.11073868974800695,2
-0.5874996088940552,-0.09118694983202369,2
-0.5886305804610338,-0.10864330985100829,2
-0.5947112653912447,-0.10536217289141717,2
-0.5912913477087317,-0.08748618679419362,2
-0.5905514928928468,-0.1077660687595715,2
-0.597975184607484,-0.10475802675744134,2
-0.5966606958792045,-0.10468323780450538,2
-0.5852402198563864,-0.12695936902367697,2
0.18216982587359018,0.5494652116372394,2
0.1737001203370366,0.5567253087995284,2
0.18200783603930595,0.5447798665248301,2
0.1855473532870297,0.554714902865371,2
0.18102886334393845,0.5733890659464838,2
-0.5800046014014663,-0.10161734014088587,2
-0.585607956193448,-0.09029095485197289,2
-0.5920233387157114,-0.09967330562749113,2
-0.5837329175772512,-0.08567772189025413,2
-0.5853782031340582,-0.09865354169771122,2
-0.6198871913930654,-0.11243194258838686,2
-0.6255384604212667,-0.10956815936667574,2
-0.6213120538022422,-0.10838611577353983,2
-0.6158104258281207,-0.1155034990500215,2
-0.6162065458336052,-0.11834342853208178,2
0.816018436043378,-0.23815011724421542,2
0.8198285366417182,-0.22161904340226937,2
0.8114838648137943,-0.22182965001737118,2
0.8153257110084998,-0.21428268722195853,2
0.8082453348899017,-0.2307099317712819,2
0.821426166413681,-0.21680614556572267,2
0.8198965468089348,-0.22870591558384806,2
0.8194412293790905,-0.22841798267858224,2
0.8191400813376464,-0.2237999379210145,2
0.8213762462671115,-0.2385960243755059,2
-0.613278769901106,-0.11025066912119437,2
-0.6016517757856069,-0.12256635899583147,2
-0.6150642754139011,-0.11222747108637564,2
-0.6020083684146744,-0.1081163727732121,2
-0.6101927344634561,-0.10747334234239739,2
0.8269136248597375,-0.23067587690443678,2
0.8141212369966478,-0.2238641879247728,2
0.8189869139790593,-0.22663651565212226,2
0.8150294563129327,-0.21574567655633506,2
0.8118343156290678,-0.22460295953237486,2
-0.5903362999711356,-0.10745175493020516,2
-0.5961876218511446,-0.10287978619478244,2
-0.5960841098125085,-0.12054170895988507,2
-0.5921190152451266,-0.08593865537419192,2
-0.5911897350213291,-0.10695045951550436,2
0.8214295518838596,-0.21963702373675908,2
0.8264017577678314,-0.23046261375817356,2
0.8323119336255373,-0.19625776464977293,2
0.8221068022947652,-0.19136638176079146,2
0.8325802803287655,-0.19249024730595837,2
0.8380156948957517,-0.22673424304058742,2
0.8341925760021107,-0.21787948737954918,2
0.8469205589295301,-0.20945419119889241,2
0.8443864077720098,-0.22442045578492995,2
0.8291586356030657,-0.20811405750993345,2
0.17766695816447245,0.5384265505736053,2
0.18776337655624573,0.5606122159810927,2
0.19315583027387714,0.5799989416255594,2
0.1876622442784658,0.550255280176436,2
0.20665912196519173,0.5690067854030514,2
-0.5943755509481002,-0.10882046039503954,2
-0.587389855732037,-0.11061309286121457,2
-0.5820743605364564,-0.11012270573431093,2
-0.582923494552372,-0.09814090505717854,2
-0.5949728213443342,-0.10914474778252582,2
-0.599229000988026,-0.09927162759784026,2
-0.6022597769940559,-0.10650818780513475,2
-0.5825717040495941,-0.0956225303638297,2
-0.5973827855945482,-0.1101811174921819,2
-0.59090792271551,-0.08088719473521211,2
0.8239155620453562,-0.2149138754293172,2
0.8276165561232682,-0.22017113349533243,2
0.8206879440523043,-0.2233644000931075,2
0.8230937146119384,-0.230866070772691,2
0.8256206150235798,-0.2283639937845562,2
0.8175664535226885,-0.22237534900565414,2
0.8233604832674329,-0.22287731062303523,2
0.825258614508783,-0.22550789778554753,2
0.818903473266641,-0.22504659838265414,2
0.815972861872198,-0.19847616756798656,2
0.1666639539704687,0.5409185278792159,2
0.1734235199214124,0.5483600377416619,2
0.17166731135773833,0.5452036086437507,2
0.1772681421244599,0.5367806965642663,2
0.18254927353882988,0.5476725796087484,2
-0.5955402904409225,-0.10729512481657763,2
-0.5980091711445071,-0.10922156885550183,2
-0.5885910766567851,-0.10190382304455746,2
-0.5826062935503352,-0.11495767637092948,2
-0.601939218270827,-0.10758048483411457,2
-0.607567308445566,-0.10759016037255685,2
-0.6060181270232818,-0.11357193305808055,2
-0.6116378921050604,-0.10687244545450089,1
-0.5950313508670997,-0.09440045491072414,1
-0.6135233411522323,-0.10719737219015936,1
0.8321017928460994,-0.2241350449648362,1
0.8296035112253799,-0.21530001977521168,1
0.8363045742534336,-0.20138134189611742,1
0.8250910144143687,-0.22283750510316047,1
0.8307956399240627,-0.23165447418130047,1
0.7880524103211596,-0.21457417038151774,1
0.7748280700890201,-0.22343958183451543,1
0.7787279060964695,-0.21854792805291182,1
0.7758636503577486,-0.22160829627060016,1
0.7795910061277832,-0.22907847899098224,1
-0.5972836131180174,-0.1123609049533749,1
-0.6001418850603742,-0.10378323277410394,1
-0.595080238103519,-0.1107892952101497,1
-0.5928678321700277,-0.11212330697543166,1
-0.5881819466375422,-0.10666881221549047,1
-0.6086801663000183,-0.10979997284716807,1
-0.6029296931353431,-0.10782625023318437,1
-0.6003069980176411,-0.10362124039747686,1
-0.5888957829933886,-0.07303386882764527,1
-0.5967978999146563,-0.10600362682535121,1
-0.593181983765313,-0.09513860841367457,1
-0.5990093833638651,-0.10513621322083205,1
-0.5889463213534818,-0.0998050231697739,1
-0.5869850088286542,-0.08479259388546084,1
-0.5848772727290387,-0.09036008726112575,1
-0.5761634373674207,-0.09064489461336275,1
-0.5767252167875054,-0.07275417692992564,1
-0.584302304507054,-0.10216053135089541,1
-0.5931830706908451,-0.10343435478020692,1
-0.5865941274543317,-0.08574337932608699,1
-0.5958823135334896,-0.11069084842709254,1
-0.5946928085461254,-0.10501305327401579,1
-0.5926017694055786,-0.11091656722645567,1
-0.5998149510181846,-0.09856907806838518,1
-0.5982722944363065,-0.11506086738773237,1
0.8375879304464847,-0.22349866823378553,1
0.8184966482935987,-0.21521614207480674,1
0.8383657717030429,-0.22472171800811305,1
0.8351799706084458,-0.1885446183432566,1
0.8268750774054596,-0.2186000177642288,1
-0.5642943479471798,-0.10495470809590711,1
-0.5702103021088257,-0.10496157791677302,1
-0.5694136096182323,-0.07975315959688432,1
-0.573479387305277,-0.09559557520565636,1
-0.5774999287897149,-0.10530557810120787,1
-0.5933161485150659,-0.09473936559224239,1
-0.5746845723912416,-0.09763753969469154,1
-0.5889343092727224,-0.10833642789012501,1
-0.587947272365892,-0.10432955143789197,1
-0.5917388508075202,-0.09362530739037485,1
0.18614820649392216,0.5417933442819606,1
0.1798751875864706,0.5694002957684287,1
0.18228040797552686,0.554503306111447,1
0.19064086735167868,0.5438122730243419,1
0.18912955108069204,0.5383882929816733,1
-0.5851508581294725,-0.10334945990331579,1
-0.5866398634101148,-0.09738232875086987,1
-0.5941623013867866,-0.10092957757326619,1
-0.5857434324414416,-0.09244458630254074,1
-0.5782848562142613,-0.07391650185115256,1
0.1766525412577848,0.5404367003657181,1
0.1713763973644681,0.552032339036509,1
0.18779952189766305,0.5588322965021919,1
0.1912455732786231,0.5504551520483282,1
0.1773492238604093,0.5493223904679303,1
0.8345115849683414,-0.2308061301237707,1
0.8236912559034936,-0.195815977799666,1
0.8364929345035145,-0.21405918326448703,1
0.8346167176068768,-0.2028114697915066,1
0.8308317011249611,-0.22738213693180662,1
-0.5982160317283485,-0.10532930689560376,1
-0.5853403456168418,-0.09951677898758551,1
-0.5971648480192366,-0.10805800611182145,1
-0.5848857120010473,-0.10722861530149269,1
-0.587685156309293,-0.09369818453318117,1
-0.6039759378053998,-0.10413166593537425,1
-0.6094768782584328,-0.10921621188583765,1
-0.607361771681895,-0.1067133821039234,1
-0.6150527462670499,-0.10662810118054107,1
-0.610636382776887,-0.10032495496548342,1
-0.5937628572940196,-0.10841116279525968,1
-0.5984311400906165,-0.1126248637185026,1
-0.5806017273086675,-0.1049868450290077,1
-0.5974229109559147,-0.10444044926393573,1
-0.5933667594421557,-0.09852812527923684,1
-0.6007643565114407,-0.08562466426682949,1
-0.5938339300839114,-0.07619517422155672,1
-0.6018301473349276,-0.08525793553325756,1
-0.601261507758373,-0.07732945684686922,1
-0.6102945294838017,-0.10519287458893344,1
0.1883844557843802,0.5740533063730315,1
0.19707009013523313,0.5530187247632027,1
0.1908741879337674,0.5761897918979723,1
0.2032142334351103,0.58508611260555,1
0.18880387877865237,0.5729617590818982,1
-0.5936408271462577,-0.1093893424745682,1
-0.5807049617403856,-0.10119784140821904,1
-0.5859609559843503,-0.10580555113473264,1
-0.5804257345052479,-0.07059700321251577,1
-0.5915776992379733,-0.10500410763176835,1
-0.5692270436027068,-0.05924343379130367,1
-0.573604533722122,-0.08305165708406127,1
-0.5779018360170883,-0.09207599336523861,1
-0.5663125699461748,-0.06422375828639765,1
-0.5697296860211989,-0.07488326155206905,1
-0.5916024550485168,-0.09509623311445242,1
-0.5939228246284098,-0.10826916984258379,1
-0.596118340911642,-0.08984286411618621,1
-0.5933568151995535,-0.06673777584437735,1
-0.5989424651927252,-0.10828937706013675,1
0.15788690254481166,0.5459449368504844,1
0.14721623456989397,0.5359399917474322,1
0.1663939406400141,0.5614965038692818,1
0.15372768878711585,0.5358114409501419,1
0.1622823265981891,0.5463178525695942,1
-0.5923142328386324,-0.0757844269413832,1
-0.6024460739584783,-0.09885185824065859,1
-0.6027351607058972,-0.10887294006598522,1
-0.5973918969308943,-0.11074873302294365,1
-0.5952053353416329,-0.09299256531592862,1
0.8169365729057931,-0.23346112706844302,1
0.8143575538258815,-0.22873573275878664,1
0.8121102881233874,-0.22336226870441556,1
0.812309447696289,-0.22291869909090853,1
0.8209963735203306,-0.19298530930452973,1
-0.5925820710172643,-0.10320312187379346,1
-0.5870599647680249,-0.1024945437230651,1
-0.5945866498578101,-0.10765581521548911,1
-0.5883286667306893,-0.1031116107065215,1
-0.5970854903969859,-0.10894619373122374,1
-0.5742035071650308,-0.09310449490404585,1
-0.5718152316578958,-0.07059625029798437,1
-0.5776030289421679,-0.1081871496060802,1
-0.5641362908797419,-0.06519437759872228,1
-0.5724572970439309,-0.06601882818180968,1
0.14948131631071612,0.5402277283183117,1
0.149507344796666,0.53747360658194,1
0.14994399745330314,0.5502384858147042,1
0.14292665500575047,0.5353956639685917,1
0.14958309010355678,0.542632358854137,1
-0.6006485470474384,-0.10952807033013116,1
-0.5955060458113712,-0.08011555313547411,1
-0.609285637255818,-0.09504152843054661,1
-0.5970793867704736,-0.10035848135968874,1
-0.6000799858153315,-0.09174129931704791,1
0.16609815224097274,0.5369034623388915,1
0.16468694023075048,0.5543168953152259,1
0.17335847131113818,0.5328966814062648,1
0.1661485478867826,0.5575617551775246,1
0.17075724548861898,0.536995292059743,1
-0.6336604201113695,-0.1003492643172081,1
-0.6273991551675087,-0.10289090521154355,1
-0.6295856738757416,-0.10643501737723221,1
-0.6308331465427747,-0.0807113299686402,1
-0.6352918233307776,-0.09059651682551834,1
0.8325195732859529,-0.20574038048304352,1
0.8273067072339008,-0.21153180668419821,1
0.8223115426517367,-0.19481345840764538,1
0.8216138677695284,-0.2244467873577526,1
0.8242556787158234,-0.22088526418850343,1
-0.5986494598008284,-0.11198561639047457,1
-0.6013876937366583,-0.10705559379388235,1
-0.5971158312493134,-0.11315549330037823,1
-0.5994235548289233,-0.10051314428630825,1
-0.6008829574506437,-0.10998199397165077,1
-0.5910076092130937,-0.10991140214031636,1
-0.6036583597384952,-0.10690359321925819,1
-0.5985676595590181,-0.10354940513534679,1
-0.5994301397301365,-0.09618990940737367,1
-0.5921590288625235,-0.10152422232016356,1
-0.6011852134009906,-0.1113185141331437,1
-0.6019386225975799,-0.11120433999617865,1
-0.5966111397286146,-0.09666539504897985,1
-0.5847023752122692,-0.06886059556815212,1
-0.599074314192916,-0.11695452486621206,1
0.0566382895048535,-0.8703607087930579,1
0.06487228395362463,-0.8693965528208898,1
0.0571894365607786,-0.8665399141818764,1
0.06033449079526893,-0.8665454601587119,1
0.053033320691574466,-0.8666138124391491,1
0.8087044861899984,-0.22710126422161842,1
0.8207912759554519,-0.21363984518368975,1
0.8235106110028267,-0.21965998511851562,1
0.8142905923228247,-0.206797601023446,1
0.8208970107062664,-0.21325043101258037,1
0.8351853687422026,-0.22123700671717714,1
0.8260857404794975,-0.20702330504353914,1
0.8357663832406034,-0.18940073765464377,1
0.8344533464653346,-0.23174088159708423,1
0.8201338940977219,-0.2190833517382669,1
0.05720149689531041,-0.8802459414242935,1
0.05786125484622211,-0.8735982037937191,1
0.05437891708736634,-0.8785101653285465,1
0.06634314653739369,-0.8409243038106969,1
0.046495646515308686,-0.8442545542030457,1
-0.5853513451171553,-0.10156340492945898,1
-0.5826725129865473,-0.07413391603139996,1
-0.5908264044948714,-0.10168271271399948,1
-0.5676135850589021,-0.06080508622405319,1
-0.5835223790604857,-0.07002114684134153,1
0.8226822627114864,-0.2290209372880187,1
0.8205352033859462,-0.22761437198168585,1
0.8257675799122578,-0.19227390405585026,1
0.8165712771877496,-0.2163525056951619,1
0.8188443196052025,-0.22596585579060138,1
-0.6174415967456176,-0.09874027831390726,1
-0.6238782792963372,-0.1026506779573644,1
-0.6237998555267156,-0.11552140589498307,1
-0.6235520994980737,-0.10710236433536456,1
-0.622312705163318,-0.1144163949512014,1
-0.5862254323760053,-0.08658472130656174,1
-0.5868670072819243,-0.11870418661721986,1
-0.5891789760524848,-0.10725109424077385,1
-0.5865295822041559,-0.10384123574046714,1
-0.5872640770451115,-0.10173583722880167,1
0.814515324576714,-0.22283277467841084,1
0.8178924933217511,-0.2006041132257951,1
0.8086738354279703,-0.19760175433519264,1
0.8153683683587775,-0.21573433803077172,1
0.8083531523214224,-0.22313039654521355,1
0.8056984630014192,-0.20355926034804633,1
0.8211006781936133,-0.2406412391956121,1
0.8127531349083827,-0.21524738420357872,1
0.8104505421516905,-0.2236575259697686,1
0.8083857089735248,-0.23613987883974685,1
-0.5869875011875381,-0.11464490483451324,1
-0.5986041197416069,-0.09005247483416155,1
-0.5994197816238082,-0.07567419570380836,1
-0.5964952329689271,-0.09914964755880327,1
-0.5863515268041133,-0.1022454454316535,1
-0.5992184587967412,-0.10236221165589901,1
-0.591374281536847,-0.09472247226420277,1
-0.5948299185052496,-0.10189623462310589,1
-0.5968850222146983,-0.10555005173966867,1
-0.5810146018440083,-0.10216187754172298,1
-0.5967497855058079,-0.10511277759873537,1
-0.5935158495205567,-0.0931837318355306,1
-0.5909650450352836,-0.10337971724822978,1
-0.586309255104484,-0.10826764725557095,1
-0.5908626278517175,-0.10542509110292049,1
-0.6008937632285638,-0.09559253249548551,1
0.818850614994117,-0.2098674205469822,1
0.8138315381258863,-0.20968379684051744,1
0.8251761375136036,-0.22087738389032505,1
0.8179414009065868,-0.2208251039468199,1
0.81860674948192,-0.2209443393191387,1
0.8216267878291229,-0.21477030311441908,1
0.8155319573740248,-0.1978582023435463,1
0.8263754943470757,-0.22349573623497573,1
0.8298777892131367,-0.20078884817416798,1
0.8260075690821406,-0.2079740135104349,1
-0.5948046126895336,-0.10435473313100209,1
-0.5947883189241188,-0.09728392129276396,1
-0.5998605404977806,-0.08983062953580277,1
-0.6017964073074983,-0.10138084713011629,1
-0.5864896537090872,-0.1035651282381904,1
-0.5741990895448461,-0.09596065478841856,1
-0.5733302177834368,-0.10296530797578572,1
-0.5688788355006535,-0.09427293415366252,1
-0.574706746783914,-0.09765288764358643,1
-0.575157734385457,-0.09268485716241438,1
0.17370282823586486,0.5517116448344069,1
0.1593178044083902,0.5493105205652182,1
0.16817907133565196,0.5443549494521686,1
0.18060145496099284,0.5638703418976235,1
0.1818707375066428,0.5656165502545196,1
-0.5910761897221102,-0.10377924698171033,1
-0.5983761196233846,-0.0984859007126202,1
-0.5842782960432427,-0.08648229735157731,1
-0.5924502355014417,-0.10331358397715515,1
-0.5871430144028271,-0.08115057257134313,1
-0.6167549030386954,-0.10477943427208754,1
-0.599373014667592,-0.10744591025502792,1
-0.5951754399286737,-0.10184045833597717,1
-0.6130137800529339,-0.1070311773323754,1
-0.6029329724771466,-0.10545899153405539,1
-0.5936230928778776,-0.10210148518996509,1
-0.5820383171875599,-0.11687352559692346,1
-0.5961883163298085,-0.1025986951934535,1
-0.5828816358675293,-0.11286212683622192,1
-0.5981447239274769,-0.10129810428477591,1
0.8201066874776607,-0.2110108665890837,1
0.8290621625148378,-0.2210987178304429,1
0.8248847511626992,-0.22111999356099643,1
0.8151580066634266,-0.2013018915589793,1
0.819929059608819,-0.22911183817270572,1
0.819698512285346,-0.20141512236220505,1
0.8149959819196487,-0.21427815947725487,1
0.8288770254649029,-0.22301282343327763,1
0.8146510147835366,-0.21571093915589162,1
0.833306682257482,-0.20502093271611616,1
0.17495004382549617,0.538568113770704,1
0.1907544608322623,0.5363518551807862,1
0.18129898579587156,0.5397403286628107,1
0.17822014396522648,0.5292518363290112,1
0.17925582435031742,0.5315862359658822,1
-0.6026915935938095,-0.11050051093482469,1
-0.6005451204978298,-0.10243783105244529,1
-0.5998768091121996,-0.11041960311104922,1
-0.5947045412213965,-0.1078714073434141,1
-0.5845561034660315,-0.11356554519712242,1
-0.5923021557297665,-0.10067318878763062,1
-0.5955580238223678,-0.1017028610002894,1
-0.5997211743639236,-0.10508038048022278,1
-0.5927406065754541,-0.10159232074754618,1
-0.5982483671742452,-0.11175378006536842,1
0.823483508674625,-0.21977874973404013,1
0.8403444335988195,-0.2065111384549333,1
0.8294939279000636,-0.2276797907204832,1
0.8287444523874961,-0.217575590404033,1
0.8274636422132853,-0.22954359061313068,1
0.8427898918362464,-0.20930880366771654,1
0.8267515010005492,-0.22628563188879255,1
0.8282043343402841,-0.23192958763556634,1
0.8282187568554201,-0.22121814941864673,1
0.8347000404370507,-0.21354278136842253,1
0.050963091817648014,-0.8667915264501878,1
0.052285229192713514,-0.8569274484907946,1
0.05001028833554444,-0.8875204526297635,1
0.053174837201042505,-0.8583023843478256,1
0.05263161602998418,-0.8672289583541378,1
-0.6029889872360714,-0.10045792185533438,1
-0.5939023635093474,-0.1057611435636632,1
-0.5805605956495875,-0.11872195913031457,1
-0.5997937239834141,-0.09989385687525693,1
-0.5978310010452194,-0.10262653539586478,1
-0.5875403809690461,-0.09401926795613276,1
-0.5871279894103817,-0.09153883570695931,1
-0.5735558002116394,-0.08852701406110171,1
-0.5726920662395392,-0.0646647912047213,1
-0.5772468403889947,-0.10334974577287684,1
-0.5865171113243737,-0.11075524572450425,1
-0.5894143622221308,-0.09031207200261762,1
-0.5933935592022888,-0.10925122584607781,1
-0.589768782922381,-0.10238525298105554,1
-0.5897929911845313,-0.0836931821744711,1
0.17613597162966915,0.5572692990559657,1
0.1717390949143397,0.5484509455836587,1
0.16453245569366895,0.5513863393184931,1
0.16546473959501445,0.5398040498692294,1
0.18396469565348672,0.5432619108532651,1
-0.5857122761960935,-0.1041243066158632,1
-0.5877155925942913,-0.0728082721521364,1
-0.5852833493569503,-0.09426296086536941,1
-0.5890955700927317,-0.11220425051825422,1
-0.5823255277228072,-0.10037733125149849,1
-0.6020107911715394,-0.10022035529723371,1
-0.5948549625903201,-0.08017680423274419,1
-0.6021712829995365,-0.10180997275355674,1
-0.5955630318056572,-0.0963208689198222,1
-0.5964172925111159,-0.10256428732377736,1
0.0515163678759097,-0.8650221901717486,1
0.04369391310523562,-0.8650905497070782,1
0.0481538572283967,-0.8696874435165332,1
0.05617825557293637,-0.8726035514235504,1
0.05253247817681307,-0.8651072469663487,1
0.1697086552674553,0.5485913847806112,1
0.16163287806432813,0.540397918482623,1
0.16831735500717812,0.5541509656943807,1
0.1594826189612021,0.5411930268240351,1
0.1722870242418255,0.5542339949410612,1
0.8283871821111892,-0.22163046547771464,1
0.8141634273183161,-0.22204490215228334,1
0.8152870039397849,-0.2075341921743947,1
0.8219893168136722,-0.22792425169164837,1
0.8100199428953546,-0.22179080074035618,1
0.8342704492684236,-0.19786833656538838,1
0.8223540918565191,-0.21507681708748919,1
0.8196155147923767,-0.23019495662128603,1
0.8221056182927706,-0.2213081437975072,1
0.8219631173836425,-0.2286818304591936,1
0.8197681047862573,-0.24372190271163557,1
0.8182470720200392,-0.23078804343391884,1
0.809443065766065,-0.22154975873826857,1
0.8154649705480834,-0.2354603348877931,1
0.8103817236192002,-0.2351107338099363,1
0.8189628006856583,-0.23362968670513806,1
0.8175588231825328,-0.2351354148396656,1
0.8095210078058591,-0.22722000396666872,1
0.8169143695084486,-0.22643768974288697,1
0.8103109337586936,-0.2244615300452708,1
0.18138176485736004,0.5583001033419667,1
0.17896243949711804,0.5450237191875178,1
0.1850509076582179,0.5491642136661402,1
0.17456252575308853,0.5537408394997018,1
0.1916207643146079,0.545011243307662,1
-0.5711295015784569,-0.10274194346733646,1
-0.5819939686371626,-0.10217465840975609,1
-0.5887915557442396,-0.11793472681909684,1
-0.5754098225717991,-0.1070969837411474,1
-0.57957898442945,-0.09496193005577672,1
0.8275532931207299,-0.2300407231831361,1
0.8231298412972586,-0.2124177383630398,1
0.8323864523878665,-0.23513308253784732,1
0.8278117374467446,-0.19262902232432946,1
0.8274297123659714,-0.21511745335490673,1
-0.6012151542062584,-0.10621721539390314,1
-0.5996473509615401,-0.10090223332495349,1
-0.5960328627534162,-0.11084761415996686,1
-0.6045764227322227,-0.11831087994147789,1
-0.5984583600171531,-0.10483670198531868,1
0.8300000562953201,-0.2246976810139599,1
0.826178894913946,-0.23374466186182702,1
0.8258052624715253,-0.20540342711208945,1
0.8268216723634919,-0.22705836782912744,1
0.8257799431283601,-0.20644341834841898,1
0.823588822243308,-0.22731728248049074,1
0.8163566358431597,-0.21441419546876217,1
0.8262754573696324,-0.22531487447440487,1
0.8284817704839251,-0.22615185545660485,1
0.8223603883257171,-0.20672473291416538,1
0.17649213806897673,0.5466104900434031,1
0.1710384314759984,0.5486532414937777,1
0.16935577415313674,0.5442811567762547,1
0.16495089126730125,0.5513244847748623,1
0.1634498605837081,0.5479380559197566,1
0.1778464460046927,0.5829072176931764,1
0.17393007987471437,0.5438804635742601,1
0.16892395091974335,0.5518149820878263,1
0.1653369535953933,0.5370667414628879,1
0.18322615147115215,0.5732811249015737,1
0.18020977228261367,0.5460827372670413,1
0.1683546444488424,0.5377654428155585,1
0.16800567603418765,0.5421440487868581,1
0.17184602389778597,0.5407771116657775,1
0.17221426544194757,0.54349938441692,1
-0.6000455738473088,-0.10406717329973378,1
-0.5989617775175186,-0.10181674986326475,1
-0.6095164626507267,-0.10641912466209488,1
-0.6096585688627578,-0.08998525093023857,1
-0.6062541015256505,-0.10809634008236188,1
-0.6052672938194098,-0.10731479748509597,1
-0.5931638062779448,-0.08986067656527705,1
-0.5841892175778242,-0.08466100485298389,1
-0.5859932349989503,-0.09835127203579562,1
-0.6015745434446637,-0.10076016985128841,1
-0.5980254931826323,-0.10406298768691882,1
-0.5970411624308889,-0.10240755451947234,1
-0.5995980612644679,-0.10623250616560179,1
-0.5837618254190967,-0.10531663291798346,1
-0.595619289675544,-0.10522449274198858,1
0.815779465258413,-0.21543665097108777,1
0.8067794687810532,-0.2234484886605244,1
0.8152653553787755,-0.21959561822943854,1
0.8211537153684981,-0.22829194164924754,1
0.8052916442294145,-0.21664805705976958,1
-0.6079680551950488,-0.10161237472645639,1
-0.604772113727865,-0.09958292245091752,1
-0.6059613791130487,-0.1050829940654637,1
-0.6087186392118821,-0.10950585007890545,1
-0.6112497699964273,-0.10298000722149783,1
0.8251066803212997,-0.21508300742020176,1
0.814667701547492,-0.2303196149547862,1
0.8069794197652995,-0.22179877178484128,1
0.8167641278029107,-0.20643277302803467,1
0.8243218894639308,-0.2117201431124224,1
0.8182319147742544,-0.21553142520639365,1
0.8160489383155562,-0.22860943594434374,1
0.8192966121251659,-0.18954066260607474,1
0.8187468010084784,-0.20007729067246194,1
0.8211486264532165,-0.20335691728769884,1
0.8329641514302482,-0.23018736998837175,1
0.8391339964762637,-0.23356297561566608,1
0.8276719832907165,-0.22517564106157106,1
0.8238803237537639,-0.22706675294591103,1
0.8357729789519369,-0.2272118216211347,1
-0.6069145984071076,-0.11313821559286844,1
-0.602145368218083,-0.11791981560278825,1
-0.597342399351614,-0.1024511409897226,1
-0.5971545652783306,-0.11331038642241605,1
-0.6039801933225039,-0.12061171950593204,1
-0.5928504228289047,-0.10855809405241323,1
-0.5929495707926691,-0.10459415035159571,1
-0.5826308618919479,-0.10840502285906954,1
-0.5958445421514917,-0.0959055835601482,1
-0.59907887781574,-0.10569095754827174,1
0.05182442655629279,-0.871512779763622,1
0.05491506272997305,-0.8868815745383979,1
0.049226676392505705,-0.8721293284696358,1
0.05428575647637777,-0.850502032649176,1
0.04099291058128496,-0.8722433224084047,1
-0.5995864686988384,-0.09351664857502952,1
-0.5941274754782773,-0.08372325215395994,1
-0.5855885289589993,-0.11004007702540991,1
-0.5896067719243231,-0.08693639193058647,1
-0.5951155317217215,-0.11135152340525831,1
0.8242422946203066,-0.2347844669304426,1
0.8203816626615604,-0.231899715099304,1
0.8178722441443099,-0.22592266019403892,1
0.8205572835105265,-0.22684564017895598,1
0.8153200103238074,-0.2189072351928161,1
0.04924352805048319,-0.8697148591879829,1
0.05515646758428893,-0.8378260038229133,1
0.055173525206012715,-0.8758412292926354,1
0.049509326612830175,-0.8705863815804702,1
0.05089363979729761,-0.868688427419018,1
0.8281996146618663,-0.22014395831427988,1
0.8292585970707211,-0.22205632818401086,0
0.817947195261089,-0.22739309613228822,0
0.8276251119946615,-0.20790656196151514,0
0.8264138309070416,-0.20775243871308474,0
0.06894014023777252,-0.881744710493484,0
0.06827091534159421,-0.8717918682376766,0
0.07330974215138449,-0.8799817670162136,0
0.06044876693297654,-0.8646743351040405,0
0.06790368677265596,-0.8768611484171744,0
0.16541502000509392,0.5352291204058044,0
0.17629993198884228,0.5396503545596832,0
0.1658695432141628,0.5405878180533008,0
0.17046358726224067,0.5503036212007131,0
0.1730485585095279,0.5550693860073234,0
-0.5940425034419128,-0.09578133928789466,0
-0.5821531337243113,-0.08363689365355005,0
-0.5896864789578935,-0.09795110340956492,0
-0.5748003592469604,-0.07931734310318779,0
-0.5795834006028472,-0.09520769945274106,0
-0.5938911013443466,-0.09954503976523685,0
-0.5952627356593375,-0.10374533501613802,0
-0.5966652320352231,-0.09543347955877256,0
-0.5878687668353265,-0.08855555667798334,0
-0.5950296410393763,-0.10606117486357038,0
-0.5846578874895263,-0.1065468891613717,0
-0.5746843057183796,-0.08338039725396254,0
-0.5861577519289198,-0.1108926359304562,0
-0.5824140052096496,-0.09760104563138021,0
-0.5748217112110601,-0.07981084428740988,0
-0.5924440279167456,-0.09922238071336405,0
-0.5831131973380029,-0.07605175298874801,0
-0.5828520878056308,-0.08364270044102276,0
-0.58664412252997,-0.0844411327681149,0
-0.5786023612134605,-0.07847649249302356,0
