tSNE1,tSNE2,cluster
-18.083168,-1.5333896,0
-9.410731,-9.13753,0
-17.353933,-1.0990256,0
-17.184616,-1.0482544,0
-4.7104197,-5.163889,0
22.453407,3.1243932,0
24.763477,0.6593461,0
33.283188,-7.168593,0
28.575056,1.4443899,0
31.52619,8.478729,0
-1.4332263,31.530338,0
-4.10108,26.067484,0
3.770162,34.07727,0
0.9172709,32.30222,0
0.36158156,24.705593,0
1.566097,26.314558,0
5.6033626,25.373201,0
1.0124309,31.821909,0
1.6939317,35.892624,0
-1.7710984,34.136963,0
27.846743,-5.9359894,0
27.141397,-4.9029794,0
26.857962,-5.434395,0
22.556465,3.0460336,0
22.70281,3.5293174,0
-1.5383601,35.97748,0
-1.6960825,36.04915,0
-5.2155914,32.581684,0
2.4599562,23.487265,0
-7.435178,26.114983,0
24.068798,7.668588,0
30.448532,-0.4546099,0
30.633228,-5.762396,0
23.51691,6.310885,0
25.995409,8.470647,0
-0.3459857,30.161825,0
-4.584768,33.792656,0
-6.897637,25.771765,0
0.09923881,32.26748,0
-6.161481,27.222345,0
26.280943,6.30961,0
30.17133,-2.3789573,0
29.100805,-6.0906696,0
28.116283,3.2397254,0
28.955694,-4.8268485,0
-5.906728,29.234924,0
-2.3170996,30.435377,0
-6.763611,24.824354,0
-4.917001,28.979624,0
-7.017879,24.744755,0
23.94941,2.5178108,0
27.043997,-4.2564273,0
25.168955,-6.0573807,0
27.821375,-7.0514207,0
34.931477,1.9657379,0
26.64869,-3.9231634,0
23.553486,-4.700749,0
23.09104,-2.7722578,0
28.2583,-2.8897498,0
25.448109,3.2485642,0
24.641092,2.01286,0
19.419771,0.26091716,0
29.729242,2.2306228,0
25.66262,5.1522536,0
30.808632,-1.7425439,0
32.09002,2.412844,0
21.916262,1.2555108,0
24.958248,-0.19308563,0
26.966112,1.2983863,0
23.86616,-0.6459337,0
-12.603274,-6.5678473,0
-3.778372,-13.176893,0
-5.386413,-3.3521278,0
-5.314258,-14.051015,0
-10.890363,-9.945189,0
28.858221,-2.3702247,0
33.382526,-5.072229,0
27.022299,-2.0004516,0
33.795986,-4.318363,0
27.1336,-8.459009,0
4.210548,24.224512,0
3.3621671,35.963547,0
-1.7447836,34.526146,0
3.4752073,29.589087,0
4.0598106,29.536484,0
-11.667869,-8.1757345,0
-4.523326,-15.613244,0
-3.5898156,-13.196664,0
-8.849434,-2.8668077,0
-11.920916,-0.7266686,0
28.629341,-1.3228258,0
27.588278,3.3407004,0
26.769724,4.0386605,0
27.886982,3.2384226,0
26.338455,6.272508,0
5.3196855,28.93553,0
1.2689761,30.197323,0
4.669416,27.375917,0
3.3898466,29.74164,0
-2.043183,22.993177,0
-9.027263,-17.357563,0
-18.5595,-10.360867,0
-12.570869,-6.014381,0
-10.098579,-9.079238,0
-7.3078504,-12.891878,0
-1.9584873,24.568384,0
-0.41892925,29.5775,0
-0.40556675,22.24629,0
-0.7084929,28.047443,0
-1.7636212,27.973911,0
-15.672848,-7.3401265,0
-8.730805,-18.17921,0
-15.291743,-7.3614044,0
-6.335388,-13.170309,0
-5.417047,-13.868638,0
30.867039,-5.7386723,0
23.53107,-6.2059736,0
22.856756,-3.4402008,0
27.198725,-1.0597384,0
27.878448,-1.8679806,0
21.672161,-3.9246254,0
29.040369,-2.2881198,0
31.42205,-2.5921843,0
34.628872,-0.72651327,0
31.508457,0.20557998,0
-4.7125735,33.722374,1
-2.948362,33.665325,1
-3.3236673,24.568367,1
0.045871265,29.011356,1
-3.3507564,24.67577,1
4.9882593,31.987041,1
-0.9009971,23.577864,1
5.598194,25.367096,1
0.0044767214,23.837322,1
-7.180662,31.013258,1
-7.2124577,30.757011,1
4.146564,25.864164,1
0.014932658,28.849203,1
-7.25319,30.446144,1
6.0750237,29.973526,1
-0.45277277,33.943657,1
3.6834426,28.05306,1
-0.30820543,35.24512,1
0.73409635,36.22449,1
-2.7025733,24.880762,1
-0.05946008,32.843945,1
2.923971,27.036737,1
0.849939,29.322214,1
-0.41707465,30.880262,1
-4.2252226,33.84186,1
19.394289,0.23226112,1
32.731915,1.850167,1
32.21863,3.0352156,1
24.837587,4.2299967,1
22.414608,5.505175,1
25.39755,6.724419,1
24.709093,3.8829067,1
22.537586,2.9485908,1
21.347311,6.2855525,1
21.136318,6.7591434,1
-1.9809132,27.599348,1
0.99436915,30.058517,1
1.6059276,29.33398,1
-7.0346828,32.76965,1
-3.2506347,33.589226,1
32.408276,2.926051,1
23.25885,1.5580075,1
25.323896,-1.7674856,1
25.387173,-7.421354,1
25.360228,-2.8930197,1
-0.027087372,25.64764,1
-0.90518624,32.509502,1
-3.7828097,24.910677,1
0.7232931,25.80223,1
-5.9907575,32.13629,1
0.27633578,28.269709,1
4.802716,30.413279,1
3.4100795,34.129265,1
2.5735004,35.058273,1
-5.8090634,23.409529,1
25.164385,-2.9435139,1
31.62637,0.18285397,1
27.562862,1.6112933,1
27.863676,-3.3924143,1
31.961454,-8.988049,1
32.318413,-3.5783412,1
26.717745,-1.9325695,1
27.587965,-6.693177,1
30.157755,-0.9726646,1
32.467056,2.8927052,1
-4.2883725,23.782972,1
-4.995902,25.622196,1
-0.9293058,36.037945,1
-5.601976,26.003616,1
-0.8079533,36.360706,1
-6.395827,-12.630709,1
-11.907658,-9.862494,1
-9.140528,-4.0568504,1
-18.546274,-9.183029,1
-10.237952,-7.473647,1
1.2893962,34.08446,1
5.2624564,33.850952,1
-2.2478,29.299395,1
2.1673589,31.312109,1
3.2720816,28.272543,1
-3.3142543,24.802944,1
5.1037626,32.180424,1
0.086770326,28.10775,1
-3.4637084,24.718596,1
0.36364225,31.77705,1
5.1846676,33.850628,1
-0.9991025,34.470955,1
-1.7451037,26.317488,1
0.22592446,32.422935,1
0.8463194,33.1082,1
5.182591,33.82809,1
1.0808417,30.361801,1
-2.7907917,35.664906,1
-2.87982,35.631664,1
-2.0103478,34.17588,1
-6.240302,29.938412,1
-6.2788806,29.846788,1
-5.8500705,29.862724,1
-3.2135978,30.247066,1
-2.0169268,26.575377,1
-22.545925,-8.269428,1
-20.871834,-6.7912116,1
-17.087746,2.4997542,1
-11.323635,-16.794363,1
-22.420471,-6.2099175,1
-0.11486995,33.233482,1
-1.6811277,25.524073,1
1.3159617,33.000217,1
1.4255543,34.582268,1
0.34428585,29.327976,1
29.975285,3.221257,1
25.79822,3.394548,1
30.218876,6.630097,1
21.983206,2.9668345,1
23.921392,4.0559154,1
-1.9298265,-11.490476,1
-8.093352,-17.411055,1
-14.815931,-8.133477,1
-15.866691,-5.829291,1
-13.511223,-10.999407,1
-13.912076,-5.735812,1
-14.220958,-4.9083524,1
-18.47069,-5.207648,1
-18.132463,-12.841044,1
-14.2250185,-6.4253364,1
-9.481276,-8.525409,2
-6.428269,-7.781281,2
-10.8247,-7.505748,2
-9.223184,-6.10447,2
-9.202911,-5.544097,2
-1.7437354,31.016428,2
0.88671863,34.826294,2
0.69089466,34.84317,2
-1.4764454,28.526218,2
-4.012324,22.703686,2
-6.132713,-10.521932,2
-13.857066,-4.1818886,2
-0.95146865,-6.6696234,2
-9.065902,-3.6599576,2
-8.391305,-1.5119814,2
28.597227,2.4330294,2
27.768156,-3.3002236,2
27.167408,1.9932977,2
25.600788,-1.3129634,2
23.50662,6.323948,2
-14.424176,-16.06713,2
-15.962791,-14.475374,2
-13.815265,-5.361437,2
-16.527319,-5.136728,2
-15.887176,-11.8926,2
0.9824189,27.830593,2
-0.2808725,29.854097,2
1.9381561,32.42584,2
2.3660433,27.359793,2
1.6213456,31.56203,2
-8.14525,-14.933247,2
-17.722084,-9.810019,2
-19.352343,-9.423373,2
-15.26176,-4.0800257,2
-6.669996,-1.0441265,2
8.955214,-30.393627,2
9.390513,-30.600634,2
9.147576,-31.311956,2
7.817706,-32.692062,2
8.386567,-31.927935,2
-2.234194,-11.452064,2
-10.7897415,-9.785052,2
-8.566839,-2.2539697,2
-10.147095,-9.9853325,2
-21.008947,-9.270523,2
28.00236,-4.480692,2
21.086176,1.8385565,2
27.007853,-4.7159543,2
25.61518,3.9215126,2
29.291864,-4.63863,2
-4.280708,-8.28006,2
-4.9461026,-9.698769,2
-14.55933,-4.4014673,2
-21.348331,-2.3438265,2
-8.027178,-7.911496,2
-13.737116,-6.484323,2
-7.8517365,-5.0621705,2
-5.133173,-13.4534445,2
-6.3314595,-12.895576,2
-11.588044,-6.0399394,2
-4.462338,27.007763,2
-5.329681,27.776524,2
-4.331056,29.715466,2
-5.928559,24.76662,2
-0.42929977,26.370146,2
-14.134026,-13.063321,2
-10.005363,2.0035803,2
-14.100021,-7.860806,2
-9.41621,-12.519638,2
-9.66245,-13.056109,2
0.7772309,28.77998,2
-3.3010495,33.18454,2
2.602763,29.37845,2
2.6829827,29.086998,2
0.6239477,25.819057,2
-11.769645,-9.702218,2
-4.9278193,-9.842245,2
-11.732127,-14.138568,2
-13.874177,-12.434828,2
-14.460312,-7.176272,2
-6.5161524,-3.2256188,2
-13.452082,-5.688844,2
-12.745044,-14.849606,2
-6.7490563,-9.685783,2
-15.791088,-5.5687504,2
-13.116449,-14.94152,2
-13.170089,-9.015435,2
-17.199343,-5.8377624,2
-10.365994,-6.603991,2
-18.48157,-5.1262937,2
-9.30145,-10.036649,2
-10.509768,-13.009248,2
-4.709689,-9.7097,2
-4.8826494,-9.646169,2
-11.101133,-13.035649,2
-15.993617,-7.1930423,2
-10.258895,-6.7339153,2
-9.21357,-9.327324,2
-6.5540333,-19.246174,2
-12.440441,-4.364751,2
-1.1211164,27.915949,2
-0.29715073,35.160637,2
-3.9036865,33.635963,2
1.0021545,23.777033,2
-2.1260884,32.607544,2
-2.0572956,30.826574,2
-1.9802592,31.299227,2
-0.76193124,32.323536,2
-5.1242776,28.490753,2
-1.2967746,29.160975,2
33.583042,0.20009273,2
28.983286,6.172892,2
30.685207,2.8016505,2
33.84341,-0.20596503,2
28.335798,7.142622,2
-11.45373,-2.3460472,2
-11.945932,-2.1826155,2
-6.02971,-8.72625,2
-7.9431434,-7.8187776,2
-15.274114,-1.5141898,2
-16.694098,-12.917734,2
-18.776325,-7.999514,2
-14.287927,-12.705659,2
-7.7548475,-16.188139,2
-15.327646,-5.0852156,2
24.059559,-3.4342778,2
24.440388,-3.6507864,2
21.875929,0.14373943,2
24.56306,3.4657886,2
27.779818,-4.716683,2
26.84877,-4.7258496,2
30.37816,0.5660328,2
26.745462,8.523186,2
26.375353,1.4414235,2
28.936161,-0.14417174,2
31.464224,-1.8865577,2
34.879787,-3.5119581,2
35.683224,-1.6352295,2
22.892334,5.4950266,2
28.223652,-0.68215275,2
2.4566722,23.381477,2
0.40656206,29.617926,2
-2.5263226,27.702803,2
-4.8841887,29.938395,2
-0.23895046,25.17543,2
-2.8600988,28.31058,2
-8.74468,28.922464,2
-4.9683447,24.889875,2
-8.737604,28.923708,2
-3.336416,30.514746,2
-9.084526,-10.715238,2
-5.9078865,-6.4911947,2
-8.405464,-1.4047531,2
-18.144106,-0.28716084,2
-18.243944,-0.2463971,2
23.739763,-3.5935414,2
20.040867,1.7169429,2
21.023615,1.5299785,2
21.067423,6.833086,2
28.47424,1.7631145,2
-3.5169964,-16.970922,2
-10.242827,-13.769299,2
-12.977403,4.444079,2
-11.788444,3.431423,2
-13.0247965,4.396017,2
-8.989083,-5.7362733,2
-16.889004,1.083752,2
-15.411844,-0.7546713,2
-16.892235,2.155807,2
-17.592846,-0.270703,2
28.838486,-7.3344274,2
26.839706,2.5096185,2
25.29691,-3.3242073,2
26.787582,-3.3999448,2
25.00619,-4.5180793,2
-5.9769106,28.986084,2
-4.0919604,30.275755,2
-2.8253007,28.990309,2
-2.327259,29.29273,2
-5.6294465,27.676727,2
-13.897614,0.48031265,2
-16.42981,-2.8167348,2
-5.031903,-7.5985913,2
-14.74864,-2.9270704,2
-18.115376,0.7509156,2
-2.0850823,32.78322,2
-0.27872637,25.397926,2
-2.407024,31.886969,2
-1.9720093,32.983147,2
-6.501344,28.392874,2
-3.3840747,31.552324,2
-2.5853627,32.005817,2
-2.8638742,31.834085,2
-3.577076,29.755474,2
-6.533684,27.91464,2
-5.599993,27.026451,2
-3.5904448,32.6638,2
-2.8374908,28.686563,2
-2.2122664,28.559841,2
-5.944578,26.2657,2
-16.164291,-1.6014268,2
-22.28506,-10.828637,2
-5.836425,-11.807736,2
-6.036874,-9.522459,2
-19.10981,-0.95563126,2
-7.604658,-7.5643125,2
-12.5956745,-1.234238,2
-7.830951,0.8754041,2
-9.782779,-2.3806229,2
-22.408115,-8.248116,2
-11.630767,-9.085192,2
-7.0510335,-15.244078,2
-3.965218,-12.351392,2
-9.031532,-12.966346,2
-8.121591,-10.551165,2
2.484983,31.302849,2
0.67746353,22.77641,2
-0.2130857,29.174278,2
-0.5547614,28.849342,2
-2.173985,23.961105,2
7.923913,-31.078146,2
9.379493,-31.325739,2
10.274226,-31.493698,2
8.329935,-32.016068,2
9.57509,-30.380245,2
-8.185617,-6.5963936,2
-11.644223,-6.4838467,2
-8.412283,-1.5224435,2
-6.947182,-13.508331,2
-8.346095,-9.989415,2
-0.33746603,31.419424,2
4.420681,27.30629,2
-6.0335994,28.208544,2
-1.2015642,24.366476,2
-7.9816117,27.164,2
21.352041,5.7963266,2
21.474335,5.4537015,2
27.457962,0.22570522,2
24.336264,-3.7287064,2
25.228668,-1.8771143,2
27.925808,4.5648108,2
30.073978,4.6343026,2
21.62619,-5.8727856,2
30.645336,-1.0037293,2
21.653563,-5.883959,2
0.20763874,30.42506,2
-3.996752,27.830717,2
-3.3035026,27.375519,2
-5.7749543,28.26321,2
1.0078704,32.368942,2
-0.915261,28.564531,1
-5.5314994,30.345825,1
-4.894429,31.777563,1
-1.7283123,31.283669,1
-0.75638837,29.40903,1
31.950052,-8.968409,1
31.122837,-5.846943,1
24.838163,2.171134,1
28.601341,2.4573898,1
26.46384,-1.4592876,1
-3.9712408,-15.740302,1
-3.9338498,-15.736691,1
-12.997218,-16.575722,1
-17.28091,0.114069924,1
-3.4642448,-17.094894,1
3.0816095,30.262852,1
-0.44064623,28.270376,1
-2.6202364,25.89565,1
-1.276924,22.047367,1
2.1961818,25.594898,1
-12.537409,-19.511223,1
-7.430622,-14.021414,1
-15.992541,-17.594267,1
-8.670134,-13.962823,1
-4.7079973,0.2959613,1
27.862904,7.6199927,1
29.15681,-2.2933228,1
24.062046,7.675325,1
26.64363,-2.1902714,1
30.982658,-6.576604,1
-11.493626,-9.2258625,1
-2.5876424,-9.920223,1
-2.4940684,-9.897477,1
-6.571183,-5.539017,1
-19.03444,-2.9570212,1
-3.0416026,31.108757,1
-7.603512,26.14459,1
-7.200483,27.867102,1
-7.1660337,28.928696,1
-3.4940364,28.387264,1
-7.8572416,27.90671,1
-8.287874,25.515055,1
-4.332898,33.859974,1
2.5049124,26.3502,1
-8.39408,30.140493,1
-4.7404485,-5.2315345,1
-4.8083982,-12.304911,1
-4.821111,-12.259955,1
-22.235476,-10.854277,1
-17.17756,-2.8743334,1
36.098164,-1.9948707,1
31.50582,-6.5246735,1
36.094296,-2.0004928,1
32.43788,2.7158053,1
36.713287,-3.3000886,1
-8.593147,-15.146799,1
-19.898867,-3.5607412,1
-16.708277,-10.628639,1
-11.135946,-12.200134,1
-17.423243,-11.080963,1
25.964582,2.2328978,1
36.747204,-3.2429597,1
23.22752,-2.4458265,1
27.447115,0.28583387,1
30.120602,-4.674513,1
-11.738721,-15.592305,1
-10.031692,-17.85856,1
-15.413135,-10.279668,1
-18.174383,-10.137241,1
-8.258134,-11.868101,1
3.2669244,34.065086,1
0.59247184,25.075165,1
0.5634359,26.708857,1
0.86449665,25.01788,1
-0.03310211,28.583765,1
5.6566706,27.843575,1
-0.399189,28.581427,1
2.0628798,25.324682,1
2.054262,25.389511,1
4.1395903,25.912708,1
-15.582684,-13.519178,1
-7.2236886,-4.12934,1
-13.27612,-11.563661,1
-16.908829,-5.8078914,1
-10.945022,-16.060291,1
-12.717021,-9.453476,1
-11.210134,-15.725717,1
-10.600594,-14.286162,1
-12.421371,-6.7751713,1
-10.756893,-14.918613,1
-13.168153,2.165487,1
-12.450097,-14.858821,1
-13.522118,-9.416859,1
-13.2914915,-9.856554,1
-14.535023,-15.013981,1
4.6976013,31.83071,1
0.9505973,31.018772,1
-6.97818,32.868683,1
-1.6483674,33.93418,1
-1.6428545,29.769337,1
0.15400873,29.842524,1
-0.042136766,25.501272,1
-3.9781723,34.567196,1
-3.0529823,35.441116,1
-1.6226372,26.34406,1
-13.203769,-8.676093,1
-14.789556,-11.646075,1
-8.581174,-4.055833,1
-8.507663,-4.2426014,1
-13.675848,-10.590916,1
-10.461823,-10.425969,1
-13.093453,-1.5188123,1
-6.9644604,-11.413016,1
-8.43569,-8.781126,1
-13.281384,2.155756,1
-9.971705,-15.461847,1
-12.731531,-7.33562,1
-12.428454,-5.369204,1
-15.138823,-11.133527,1
-17.282967,-4.2117167,1
-12.437064,-5.9050455,1
-2.5765755,-3.3560665,1
-8.606536,-11.416414,1
-22.388754,-8.276559,1
-8.382468,-11.247799,1
-0.966086,-8.497223,2
-0.9617389,-8.428278,2
-11.805716,-0.9140948,2
-11.785981,-0.8681609,2
-7.8134656,-0.2399457,2
-9.119556,27.90822,2
-9.530876,27.973629,2
-9.128109,27.747139,2
-4.173645,30.661339,2
-9.112741,28.074066,2
26.345392,1.484596,2
32.44028,5.787769,2
29.502853,0.6149068,2
25.981363,8.446623,2
32.5277,5.79606,2
22.495201,4.254351,2
22.896044,-0.9146733,2
22.852287,-0.4927068,2
22.96611,0.39066428,2
25.315413,-9.018257,2
8.659745,-30.02088,2
7.836563,-32.74211,2
11.208002,-31.035078,2
7.79215,-32.697914,2
11.186005,-31.079987,2
3.759643,28.385765,2
3.8316398,29.172256,2
-2.163188,22.447832,2
6.582449,29.144249,2
3.9243045,30.566996,2
1.3675714,28.85812,2
1.4453199,27.240501,2
5.987893,29.935413,2
-4.535516,24.865294,2
0.25201342,27.536951,2
-1.3604797,32.297516,2
3.3707066,27.50994,2
-6.626518,26.517387,2
0.7556661,30.877375,2
3.082908,24.8942,2
-13.623844,-6.154364,2
-14.379056,-2.9320686,2
-9.44084,-9.128273,2
-12.060286,-7.673548,2
-7.1115694,-4.074786,2
-1.1153497,-6.259536,2
-13.43921,-3.1567073,2
-14.036751,-0.735229,2
-3.6776865,-5.2181463,2
-13.979961,-0.77597,2
0.15565296,23.10694,2
0.44795263,22.863142,2
1.4581494,25.148773,2
6.3870797,28.590475,2
-1.9989607,26.818508,2
-19.291468,-2.9734209,2
-17.56375,-2.5652344,2
-9.66519,-11.148697,2
-17.259785,-2.8534522,2
-17.438272,-2.907637,2
-8.531875,-13.038524,2
-12.006731,-11.0835085,2
-8.541494,-13.222993,2
-11.031244,-8.152576,2
-14.404554,-3.7199402,2
29.792795,-7.7619057,2
29.738678,1.9275522,2
28.193867,4.6927676,2
28.236105,4.5283413,2
33.49519,0.38961017,2
-4.801092,0.10245856,2
-9.352433,-8.969059,2
-10.585061,-6.057713,2
-13.083752,-8.166192,2
-12.737009,-12.289553,2
31.96034,0.6098,2
21.94313,0.29235095,2
28.03409,-0.24950103,2
33.4288,-1.9292165,2
33.40018,1.272038,2
-1.6084181,27.43267,2
-5.2527742,26.891695,2
-6.0974536,27.301123,2
-0.7250086,30.81469,2
-8.0349045,27.66726,2
-15.827521,-6.376365,2
-12.584992,-13.814527,2
-12.561018,-3.032946,2
-9.036551,-16.006502,2
-0.96039,-6.6915812,2
-10.317625,-13.722415,2
-4.890859,0.10967625,2
-5.2864804,-0.09137834,2
-7.158487,-4.149719,2
-10.204896,-4.208717,2
2.631739,23.922804,2
-8.3948145,25.46906,2
-1.5208489,26.398592,2
-4.464241,24.890352,2
4.4480433,28.324842,2
-16.921457,-7.465735,2
-15.537528,3.831153,2
-16.833641,-7.2785244,2
-15.537528,3.831153,2
-15.22229,-16.416565,2
-11.186529,-13.875515,2
-9.45887,-9.437188,2
-22.38111,-8.283896,2
-18.460201,-5.190213,2
-2.7837932,-8.477192,2
-2.7875566,26.179728,2
3.6510031,34.054657,2
4.9845457,32.01247,2
1.0153018,23.85644,2
0.9929951,31.787497,2
-18.367584,-0.02262192,2
-15.217329,-0.6613143,2
-20.690643,-0.5176339,2
-16.812555,0.7671575,2
-16.33454,0.6191515,2
-11.365779,-11.502535,2
-14.8543825,-3.739004,2
-12.737601,-4.0720468,2
-6.316468,0.67979574,2
-15.511499,-2.8168151,2
-5.2440515,-13.914488,1
-10.200675,-4.0963626,1
-9.983715,-6.6783814,1
-4.244404,-14.235771,1
-9.9794,-4.7109804,1
-2.3204153,27.999239,1
-2.8985572,26.557663,1
-2.8520634,27.571394,1
-6.789593,28.681425,1
2.4776964,21.917992,1
-9.789692,1.6369544,1
-16.542755,-4.516657,1
-2.6247518,-3.2010348,1
-17.531013,-6.601777,1
-8.960312,-5.315364,1
-2.0826666,-10.636319,1
-9.473756,-0.59650826,1
-3.7449715,-0.88079304,1
-11.201295,-0.37466705,1
-10.811954,-1.9756314,1
-14.783005,-21.29743,1
-14.067357,-20.306166,1
-15.793794,-21.115366,1
-13.410135,-19.672777,1
-15.142322,-19.795418,1
7.5060315,-31.678833,1
7.494526,-31.664064,1
8.624544,-30.242895,1
7.8975105,-30.915749,1
7.711474,-30.468407,1
-10.843086,-5.7093544,1
-18.909748,-7.533177,1
-19.107391,-3.5211475,1
-7.631932,0.60605925,1
-19.865839,-8.780282,1
-2.2571776,-3.479628,1
-1.5128506,-4.419861,1
-13.99757,-0.07341685,1
-1.4663442,-4.526296,1
-19.0096,1.2175722,1
-5.9124703,-7.4537377,1
-11.225144,-5.1820383,1
-15.12031,-3.3586848,1
-13.435242,2.0686247,1
-13.912529,0.4078006,1
-11.030263,-7.2944274,1
-8.197416,-16.872845,1
-14.861979,-10.114626,1
-5.299789,-17.298475,1
-19.906757,-5.113759,1
-5.3750854,27.803846,1
-2.3462143,28.814377,1
-8.380728,30.12412,1
-8.325281,25.378544,1
-5.762196,31.155714,1
-1.1669036,28.991354,1
1.8484597,27.879612,1
1.6641306,27.82799,1
0.7213254,25.919138,1
4.173484,24.290394,1
-12.948585,-2.3364453,1
-12.2543955,0.46752036,1
-3.2035716,-2.4124355,1
-16.765478,-1.8982936,1
-7.120072,-4.5273914,1
-7.715391,0.43205088,1
-7.617963,0.6633395,1
-2.2824647,-13.918401,1
-13.712859,-1.2959315,1
-18.812553,-2.2542865,1
23.024338,-2.541437,1
26.567099,-2.2251437,1
35.04406,2.0420222,1
31.074476,-6.229631,1
32.37415,-0.8448156,1
-1.0062097,24.456562,1
-0.82909673,27.359539,1
-1.2799081,27.434483,1
-0.89981496,26.854298,1
-0.35328302,30.350658,1
-4.0215263,-11.322094,1
-10.014958,-12.076319,1
-2.7420971,-11.403346,1
-7.321844,-10.6914,1
-6.584255,-13.95736,1
33.43121,-3.7549098,1
22.652779,-2.3722167,1
34.241726,-3.713746,1
33.653164,-3.6117911,1
27.106195,-3.7204843,1
-13.396834,-13.430103,1
-6.470738,-8.589206,1
-14.903106,-15.923831,1
-10.398363,-0.94513017,1
-13.815341,-2.0009618,1
0.17953339,26.285458,1
1.108145,28.81435,1
1.1484039,28.572802,1
3.5074737,24.677362,1
3.0811853,25.555683,1
26.38541,4.8826756,1
34.041973,-4.24385,1
26.878548,8.429229,1
31.787722,0.078209974,1
28.253773,0.9443204,1
21.60255,-3.771048,1
29.184834,-4.9058576,1
25.36088,-9.097113,1
27.389807,3.480716,1
28.839634,-7.3541884,1
-13.560365,-12.154745,1
-14.09712,-8.659159,1
-9.57285,-4.9021397,1
-13.937392,-14.737375,1
-11.088174,-10.92711,1
-13.261641,2.0912514,1
-1.9042214,-6.9064465,1
-4.6528044,0.03763219,1
-13.923774,-4.38011,1
-16.809923,-11.109435,1
-1.1555784,30.482603,1
-4.4947004,26.152218,1
-7.4302816,25.999836,1
-3.8449867,27.581882,1
-1.2198322,25.05631,1
32.229504,2.2678761,2
26.142883,2.281319,2
32.44445,-0.9707911,2
31.127872,-6.198095,2
27.11989,-0.10139292,2
-0.87301576,25.472498,2
-3.4687393,28.502897,2
-1.3443074,28.213268,2
-2.0949452,28.631426,2
3.870744,27.107311,2
-4.5048604,31.860931,2
5.1341166,32.089405,2
0.2618266,32.189877,2
2.5294383,27.206285,2
-4.588108,28.144085,2
25.38132,-0.30610135,2
26.93024,-8.506525,2
26.402735,-0.22247049,2
35.025845,0.21198335,2
27.564932,-1.8407896,2
26.543438,-6.0962605,2
27.19065,-7.9974046,2
29.831242,3.3901496,2
29.71684,2.4848514,2
31.06603,-5.639439,2
-4.5462036,27.47122,2
3.6461406,26.622412,2
-3.5684774,29.76588,2
-3.119846,28.995483,2
-2.5706115,30.513628,2
25.925747,-6.0461383,2
26.536043,-6.332667,2
24.225777,0.013683587,2
21.674477,-2.6617665,2
22.986137,-1.2224728,2
28.54444,1.270402,2
35.029343,2.053913,2
31.720594,-4.4083943,2
31.766209,-3.3579278,2
21.57859,6.5143814,2
3.08002,26.674252,2
-1.2743177,35.8372,2
-3.6325445,26.011623,2
2.2706838,32.14856,2
3.648368,31.071848,2
-0.023397027,31.060514,2
2.2337039,27.169792,2
2.5408127,32.717773,2
0.16305655,26.52226,2
-0.30732495,27.557419,2
-8.150232,-9.348285,2
-12.044356,-12.727814,2
-12.927454,-9.464549,2
-16.153576,-8.342032,2
-12.577472,-11.07372,2
-12.014526,-12.367602,2
-13.489292,-14.123921,2
-8.819609,-8.280971,2
-11.103889,-11.523585,2
-16.54416,-3.9130776,2
-19.587688,-0.3993321,2
-3.7654254,-6.0978374,2
-20.768543,-0.9846088,2
-3.091775,-6.107403,2
-4.3647895,-6.364039,2
25.495298,3.4815528,2
23.409128,6.3456383,2
24.063938,2.4418843,2
23.792532,4.4765944,2
26.989283,1.0270226,2
-9.68449,-2.4243326,2
-5.2150393,-12.263825,2
-4.0297203,-8.059104,2
-10.675838,-11.212423,2
-6.5947413,-6.617266,2
26.3907,4.2053356,2
28.116497,6.8433094,2
21.743044,-2.789776,2
28.130823,6.3445945,2
30.567305,-0.17425999,2
-5.6097937,-5.7195425,2
-5.797081,-4.5432696,2
-11.567794,-1.6031181,2
-15.695499,-0.27164665,2
-15.4312725,0.008090173,2
32.472954,5.7842445,2
30.067095,6.730687,2
32.81989,-2.7069945,2
27.817358,6.6035132,2
28.356792,7.906132,2
-3.642627,-3.2489138,2
-6.4209843,-6.158034,2
-13.572317,-4.806694,2
-17.757425,0.9862579,2
-16.398441,-1.0459466,2
-19.068945,-11.509764,2
-8.9675865,-14.18394,2
-14.635883,-19.383625,2
-17.510376,-8.694245,2
-14.199281,-18.216616,2
-15.257465,-14.963103,2
-7.247469,-4.355391,2
-20.820505,-4.516273,2
-13.069657,-15.630646,2
-17.117813,2.4425838,2
-15.497199,-12.46088,2
-10.780178,-6.5245323,2
-8.22967,-16.702223,2
-17.472605,-7.7462487,2
-21.489895,-2.2589574,2
-15.070479,-8.312449,2
-14.847734,-4.5472493,2
-9.385247,-14.240868,2
-17.019255,-15.403987,2
-14.431223,-13.760474,2
-15.45812,-2.0644448,2
-6.564944,-8.873408,2
-6.4965973,-16.478598,2
-6.5516768,-19.230421,2
-12.311955,-12.907844,2
26.036293,8.531572,2
26.826782,7.648556,2
29.716526,-7.9380803,2
26.03992,8.048238,2
26.76492,7.603513,2
-0.45165566,31.404503,1
-0.118113615,32.808987,1
-5.5794587,29.739874,1
-3.434349,29.59645,1
-1.2273444,29.859192,1
22.311422,5.5702524,1
30.46578,4.782749,1
22.762394,7.448571,1
24.970974,-4.591705,1
22.91875,-1.6768386,1
8.614203,-30.293892,1
9.579753,-30.292593,1
7.754684,-31.126179,1
8.952975,-32.953526,1
9.354632,-31.185888,1
-15.108209,1.8311018,1
-10.714522,-4.1536846,1
-11.465602,-4.1383214,1
-6.6832204,-12.318466,1
-13.063284,-3.949064,1
-6.689687,-9.009353,1
-9.709462,1.608771,1
-12.698231,-12.902068,1
-6.9401584,-10.263548,1
-12.476566,4.672963,1
-2.586874,29.62807,1
-4.3119273,28.77423,1
-3.4941792,29.10354,1
-5.4522543,28.389303,1
1.9894025,28.194468,1
-0.27111793,27.372814,1
-3.1081195,26.90175,1
-0.7510736,28.790327,1
-5.8942723,26.506493,1
0.263233,27.866594,1
8.341652,-32.120583,1
9.5210085,-32.555893,1
7.945193,-30.519922,1
10.111818,-30.483932,1
10.274706,-30.359957,1
-6.9847555,-9.27345,1
-10.433617,-12.22387,1
-17.073284,-13.57397,1
-10.1400795,-11.400578,1
-10.294835,-16.23548,1
-10.5652,-3.4244723,1
-10.536045,-8.699604,1
-14.329677,-9.986217,1
-13.475359,-6.932225,1
-14.880289,-12.245684,1
32.092064,-3.7644744,1
33.516956,-1.2664976,1
29.317585,-0.36431593,1
31.251709,-6.1080594,1
32.189777,2.0815306,1
-18.608068,-16.445791,1
-6.0903926,-10.979462,1
-5.1346307,-14.076882,1
-16.085056,-12.706695,1
-11.729707,-8.449529,1
23.071957,-4.1632447,1
22.802662,7.4243097,1
33.947605,-3.863839,1
25.072735,-4.816195,1
27.916346,-0.75393647,1
-9.909846,-12.712458,1
-9.578302,-13.418383,1
-5.0986266,-15.759267,1
-15.729865,-11.043512,1
-17.518421,-11.692931,1
-1.1427252,-13.940897,1
-16.673803,-19.69505,1
-15.789596,-18.716656,1
-21.312845,-5.8077846,1
-2.7560143,-14.124141,1
-6.4542513,-8.144103,1
-9.143421,-16.713095,1
-15.524945,-13.498232,1
-9.747583,1.6297107,1
-17.365904,-15.109532,1
29.116373,-5.4888625,1
31.492096,8.474678,1
29.191216,-4.8558984,1
35.16683,-6.099571,1
28.014637,-8.125615,1
-5.5794644,-2.084413,1
-4.851148,-9.735292,1
-15.727319,-8.579721,1
-12.366781,-20.991995,1
-14.820274,-8.103419,1
20.698124,-1.7779406,1
30.489344,-7.0595555,1
31.663977,0.1351108,1
23.720161,1.3170617,1
23.575645,-5.330586,1
27.474552,0.88286716,1
21.82427,-0.7770366,1
30.865852,-1.1612962,1
30.054432,4.37371,1
22.926254,-0.6731614,1
21.714552,0.3022436,1
20.128197,2.8373413,1
24.490038,-2.5039666,1
22.929884,-3.8665771,1
21.032625,6.8435397,1
-5.982405,-5.1101084,1
-16.687777,-0.45967004,1
-6.6421156,-12.466473,1
-4.270929,-3.9585617,1
-19.003622,-1.648075,1
23.45999,-7.6239085,1
35.051136,0.028218329,1
28.431942,5.3297176,1
23.965345,-1.2356904,1
27.006975,-4.1313324,1
23.150192,-0.6794295,1
32.590046,-5.5880904,1
32.56584,-5.5614424,1
33.32939,0.44694734,1
25.304773,5.643483,1
-8.555438,-3.8297846,1
-20.3822,-13.378737,1
-10.609576,-7.5080843,1
-10.680738,-10.546243,1
-8.810577,-11.538029,1
27.39545,-0.4927178,2
27.82212,-8.10872,2
27.850384,-4.462069,2
26.55791,-0.11371928,2
30.149132,1.1475562,2
1.242501,33.760044,2
0.9301013,34.49729,2
2.225853,33.91782,2
0.17895298,33.76286,2
1.3078583,27.23622,2
-3.2358682,-10.589886,2
-10.710054,-5.474775,2
-12.048345,-6.159669,2
-5.7129855,-2.2535253,2
-6.5505476,-19.193638,2
-13.843991,-7.270138,2
-9.256774,-12.076099,2
-8.021553,-16.467144,2
-4.2767024,-14.331253,2
-8.505594,-4.722689,2
-11.745288,-5.0205073,2
-18.42872,-8.308501,2
-18.763927,-7.2599874,2
-6.5477777,-19.250519,2
-6.8836217,-15.105421,2
-16.220613,-3.4329581,2
-18.122614,-7.90982,2
-18.81225,-7.2793736,2
-8.322529,-6.3503356,2
-6.567464,-3.304725,2
-18.083984,-6.18266,2
-9.649472,-3.3261807,2
-16.89931,-12.465638,2
-18.81802,-6.4430265,2
-8.438408,-6.579417,2
-18.193848,-7.8119674,2
-12.39552,-8.944926,2
-10.457902,-6.478573,2
0.9546303,23.48892,2
-6.7667623,30.795467,2
-0.46936172,23.38895,2
-5.212395,27.415846,2
-7.047858,29.30265,2
-2.0826666,-10.636319,2
-9.473993,-0.5965682,2
-3.744969,-0.8806161,2
-11.201229,-0.3749107,2
-10.811756,-1.9751338,2
-14.783005,-21.29743,2
-14.067357,-20.306166,2
-15.793794,-21.115366,2
-13.410699,-19.673014,2
-15.141787,-19.795155,2
30.796883,-4.396256,2
31.030266,2.310906,2
31.913574,-4.239585,2
35.085163,2.1309912,2
31.30526,-3.0675724,2
31.9093,-3.8469555,2
33.16846,-7.305751,2
30.646915,2.7297235,2
31.497463,-5.0878882,2
30.574976,-4.4875646,2
-13.405527,-17.98029,2
-12.233326,-15.837047,2
-10.964132,-18.448708,2
-12.09548,-19.00201,2
-10.9766035,-18.535406,2
30.873697,-4.310386,2
31.766747,-2.6274745,2
33.02632,-3.551415,2
32.72904,1.2829094,2
32.758133,3.3398926,2
-14.020688,-9.421684,2
-7.450622,-6.982003,2
-12.035253,-15.072116,2
-16.40138,-6.812397,2
-14.459693,-9.601353,2
24.845234,2.3518698,2
29.435041,0.6090043,2
24.686403,6.432792,2
24.331589,4.5977025,2
25.506948,5.260409,2
28.366814,0.26427615,2
20.480839,3.3005164,2
29.756569,-8.239347,2
26.508102,-3.984174,2
21.657734,-0.8666905,2
-4.1275864,31.605581,2
-4.989426,27.511225,2
-6.3506,27.440573,2
-2.6273143,29.538292,2
-7.7178674,24.907785,2
-6.84604,-13.312483,2
-12.829995,-6.668849,2
-5.2988915,-3.3881454,2
-11.622442,-9.194186,2
-12.936795,-6.5793767,2
-11.884262,-7.972643,2
-7.6585455,-13.204564,2
-13.298454,-5.4371624,2
-16.05165,-7.1650963,2
-19.681543,-4.90074,2
29.92613,0.8206338,2
27.809265,-5.8951464,2
26.569881,-7.2779517,2
28.149015,0.35563055,2
29.978512,-5.6162233,2
29.834908,-6.808895,2
26.488964,-2.5340018,2
31.403543,0.09304716,2
20.489609,-1.5024922,2
29.931545,6.7812123,2
-0.76957846,29.561897,2
-0.47687244,33.82011,2
-1.9255116,30.374315,2
2.9383204,27.680803,2
-1.7434844,28.44098,2
-8.678044,-18.513391,2
-18.877808,-5.8915987,2
-6.774697,-9.168178,2
-9.098261,-7.007913,2
-6.2070127,-10.481882,2
-4.3610396,-9.705426,2
-20.449095,-8.406162,2
-17.16807,-18.282578,1
-12.189382,-9.891341,1
-12.442867,-17.968237,1
23.70727,-4.9093447,1
29.970837,-1.276706,1
27.362703,2.679397,1
27.338089,-6.715597,1
24.81689,-1.2837394,1
36.046135,-6.1880608,1
36.40119,-6.1737223,1
36.39301,-6.1902223,1
36.39423,-6.16334,1
36.33056,-6.1854014,1
-7.644688,-5.3778715,1
-7.002559,-14.927042,1
-11.056318,-8.161776,1
-13.756837,-7.3866577,1
-13.928431,-15.825097,1
-17.993862,-12.483941,1
-17.142923,-9.101712,1
-11.7351265,-3.0982904,1
-13.550672,-2.5710142,1
-9.797231,-2.2686994,1
-9.94168,-12.049928,1
-6.5623236,-11.179308,1
-11.461482,-10.290102,1
-13.65946,-4.5905595,1
-12.516772,-1.2477835,1
-8.087932,-9.350215,1
-15.354351,-3.4392896,1
-20.328695,-11.454404,1
-7.554675,-10.484436,1
-12.310004,0.4442475,1
-12.438318,-8.642182,1
-10.1600485,-8.366922,1
-16.662947,-8.269499,1
-8.370083,-13.491561,1
-16.559072,-9.239662,1
29.44031,0.60551536,1
32.097095,-1.2355942,1
25.607718,-5.5476794,1
28.291628,7.812058,1
28.232475,-3.164315,1
-11.614615,-8.840461,1
-7.6431403,-16.232553,1
-11.804035,1.4617183,1
-11.739015,1.5041375,1
-4.7036877,-4.850878,1
-10.835589,-12.702084,1
-10.884202,-9.123038,1
-8.60625,-18.968437,1
-4.5205913,-1.288435,1
-13.298416,0.18358125,1
-0.40430546,27.969824,1
-0.24170391,25.366293,1
4.950742,32.131966,1
3.7528455,34.052193,1
1.4777118,29.559967,1
-11.584411,-8.234747,1
-5.300028,-17.226818,1
-11.840983,-12.950376,1
-4.860627,-7.8573318,1
-17.170774,-5.192566,1
3.2353985,32.187004,1
-0.72792006,29.194359,1
-2.1814008,25.53749,1
-4.0673404,28.573774,1
-2.453173,27.370306,1
29.114908,-3.869422,1
25.080643,3.9809363,1
25.35721,1.1434261,1
24.80874,0.93405104,1
24.51739,-1.6111658,1
-16.233566,-8.114247,1
-7.925597,-8.317436,1
-20.094023,-10.191748,1
-12.148567,-13.654246,1
-20.11095,-10.114712,1
-14.432198,-11.223732,1
-14.763131,-13.287232,1
-9.480091,-14.43592,1
-9.557433,-14.449088,1
-16.677732,-11.57141,1
-14.109454,-15.872123,1
-14.221797,-16.898842,1
-8.989027,-8.329404,1
-14.53314,-13.885781,1
-7.7453136,-12.095155,1
-17.527472,-4.9663076,1
-16.643143,-6.0601916,1
-20.164549,-6.0439663,1
-21.664017,-4.88412,1
-17.271957,-16.671587,1
-7.697793,29.137766,1
-2.3255837,28.69764,1
-5.132267,29.376581,1
-8.298177,27.005014,1
-2.7675974,31.41531,1
-9.72823,1.5788095,1
-11.220018,-3.0671527,1
-8.142013,-6.474556,1
-15.992107,-2.5978332,1
-8.42476,-1.5954883,1
-16.32254,-1.9011332,1
-14.817223,-5.8331795,1
-2.5388193,-3.2813406,1
-16.203001,-0.13469997,1
-14.010257,0.42903554,1
-16.401102,-9.6546755,1
-9.684065,-15.306745,1
-12.51344,4.6035514,1
-12.542866,4.6671705,1
-10.893816,-9.455683,1
0.5438372,26.423021,1
2.8199308,31.651178,1
4.8278894,29.826921,1
0.046717618,31.453901,1
3.5122874,32.326736,1
-14.64952,-2.279443,1
-9.537809,-12.277972,1
-7.4212675,-2.7712848,1
-13.177161,-13.740819,1
-14.362182,-5.305681,1
28.26466,-1.4864233,1
27.048647,-8.4053335,1
29.333864,-4.1717157,1
33.281586,-7.1966863,1
22.771847,5.9207993,1
-12.276967,-10.698116,1
-8.627532,-7.742699,1
-10.91673,-8.854246,1
-10.928038,-8.668175,1
-11.474313,-6.807515,1
-19.622875,-2.8815846,1
-15.874939,1.1812531,1
-10.95155,-2.47938,1
-20.813189,-1.4052796,1
-15.934058,1.099352,1
4.8574724,28.581202,1
2.5450394,33.343193,1
4.3359127,30.57531,1
6.5207114,31.373627,1
1.5247327,34.73189,1
-10.919873,-0.3249827,1
-13.632744,-3.9779572,1
-15.6772175,-14.818344,1
-2.7486367,-3.0210376,1
-9.491404,-9.467384,1
0.5902962,30.178003,1
4.9274964,32.156242,1
3.2767098,27.737429,1
4.018829,24.383734,1
2.2698843,29.575117,1
-12.815351,-21.647293,1
-12.616905,-21.479008,1
-12.896685,-21.662395,1
-12.687081,-21.736368,1
-12.7515955,-21.872738,1
29.7261,-2.9046943,1
32.850716,1.4048209,1
32.654346,-0.13877374,1
32.31561,-2.954999,1
29.913404,2.0425322,1
-12.065807,-9.624277,1
-14.25444,-10.765273,1
-17.428522,-10.913868,1
-12.789916,-10.382001,1
-12.284789,-14.907451,1
-13.023728,-13.281794,1
-11.875898,-6.9865975,1
-11.9969425,-4.3484874,1
-1.223841,-13.848099,1
-11.078882,-12.004152,1
-12.627299,-11.443416,1
-14.5077095,-7.3794956,1
-13.051891,-9.961804,1
-20.191196,-1.7674824,1
-18.632864,-10.84377,1
8.611539,-32.144375,1
9.524011,-31.126276,1
10.128051,-32.00532,1
9.473936,-32.37163,1
8.535527,-31.63778,1
30.157837,-2.2184343,1
31.80108,2.6926904,1
35.04455,-6.0704703,1
25.686708,6.1271896,1
27.846586,-1.7783405,1
29.279629,-3.5357442,1
28.286875,5.006961,1
27.987804,6.1788993,1
26.607693,-2.2895837,1
23.308054,2.014526,1
9.707812,-31.97497,1
10.107502,-31.751057,1
9.700018,-32.075806,1
10.579285,-30.113054,1
7.789953,-30.53892,1
-5.0863266,-6.73493,1
-18.23755,-1.3001245,1
-7.345869,-5.4789762,1
-18.132011,0.74431866,1
-15.293305,-0.95320034,1
27.948977,-4.6143503,1
25.213678,-0.29679754,1
32.040096,3.2146573,1
22.37317,-3.4086437,1
34.785385,-0.57062095,1
-20.757658,-7.2777324,1
-8.070763,-14.022456,1
-15.373685,-18.876883,1
-16.668211,-19.716736,1
-15.845569,-18.689217,1
-13.78533,-1.6357282,1
-1.0009093,-6.739851,1
-8.434389,-11.36634,1
-15.343153,-5.1588407,1
-1.6509275,-13.541175,1
34.141014,-4.121443,1
22.02395,4.721353,1
25.064058,6.658137,1
25.420368,-2.5440736,1
25.374472,-7.5271435,1
25.783646,4.288125,1
29.638828,-7.8632627,1
30.05716,-2.3402858,1
29.240355,-3.651737,1
30.832003,-1.7833049,1
-9.818448,-15.606967,1
-12.492543,4.4603395,1
-14.202854,-4.9123707,1
-14.664289,-14.494321,1
-7.386666,-2.7456214,1
-19.295986,-14.609685,1
-15.537631,-5.222661,1
-19.615269,-14.46261,1
-17.094395,-13.507331,1
-14.767867,-9.722466,1
-19.453651,-14.305318,1
-19.807297,-14.402239,1
-13.774606,-10.629581,1
-14.306402,-11.256597,1
-19.086662,-13.2420435,1
-14.877781,2.3148715,1
31.243027,-6.236096,1
32.06251,5.638462,1
31.926931,-3.4715385,1
33.690666,-2.2383149,1
31.798412,-6.4335275,1
29.524324,-0.5629653,1
28.974838,6.8966436,1
27.92179,-4.6326513,1
28.62468,5.969838,1
35.842186,-1.6486701,1
-6.8800607,-1.3988751,1
-18.139635,-15.17538,1
-4.8799047,0.13382675,1
-6.341301,0.6497861,1
-8.599786,-3.973578,1
-9.972181,-3.1432037,1
-3.5776327,-6.5036116,1
-5.992677,-8.734869,1
-4.759116,-11.582478,1
-9.70829,-10.79443,1
-0.50545,26.224375,1
-4.1568613,34.21281,1
-1.2970647,29.483,1
-6.113505,25.01399,1
-4.799042,26.660538,1
-12.574878,-7.877056,1
-3.8861194,-14.074274,1
-12.297622,-3.534159,1
-10.46017,-1.1552469,1
-15.879453,-3.7687085,1
-4.791085,0.17237255,1
-13.780867,-14.075181,1
-10.595465,-11.021358,1
-7.345785,-7.335507,1
-10.714976,-14.944096,1
-11.197696,-13.628805,1
-9.429952,-17.478397,1
-5.6213903,-2.0449758,1
-10.016149,-7.70278,1
-10.501169,-13.710097,1
29.800852,-3.0269551,1
28.363287,-2.5502014,1
33.506687,-3.3469644,1
31.664959,5.3890266,1
33.749886,-3.972025,1
32.537823,4.3316917,1
33.66492,-1.6898503,1
33.824707,-3.982438,1
31.928478,-4.319056,1
34.082245,-2.9207027,1
0.37054735,25.521591,1
1.5334831,28.932793,1
2.160093,30.02559,1
2.0145175,30.68037,1
2.2060015,28.954983,1
-14.267773,-8.288208,1
-8.726577,-12.787197,1
-14.8460865,-6.810793,1
-14.898068,-6.548349,1
-12.416934,-8.678238,1
-3.250604,-10.491252,1
-12.17135,-12.148198,1
-6.0837855,-13.61054,1
-12.082419,-10.026337,1
-9.69504,-6.8677716,1
24.747337,-3.0956516,1
26.260052,0.44895303,1
25.435978,-1.5029787,1
31.779331,0.83573395,1
23.364,-4.578783,1
27.782513,-2.496617,1
20.921076,-2.014478,1
34.25486,-0.7683514,1
34.586597,-0.9750301,1
33.69005,-2.1743052,1
9.901995,-32.24926,1
9.022736,-32.7674,1
9.419586,-30.533148,1
9.010442,-32.913048,1
9.425301,-32.53769,1
-10.810892,-4.6474714,1
-12.163732,-5.2194285,1
-7.3773627,-2.7430313,1
-5.1344852,-13.963072,1
-2.976071,-14.068571,1
-9.771704,-11.1866865,1
-12.131253,-4.469742,1
-9.821197,1.6307099,1
-18.25919,-3.502178,1
-9.99478,-5.5339813,1
-10.188449,-5.321987,1
-14.831392,-5.9372706,1
-18.481047,-10.209239,1
-12.840155,-8.611703,1
-14.883037,2.177831,1
-3.9321966,26.973639,1
5.274441,33.38252,1
-1.6988856,29.259354,1
-1.6509148,30.065054,1
1.8718868,28.054531,1
-13.921103,-15.800229,1
-2.8783443,-8.08456,1
-2.8128445,-8.175712,1
-16.88644,-10.371165,1
-3.4584203,-8.109028,1
-8.428734,-3.846452,1
-14.838342,-1.9309458,1
-11.328345,-10.561515,1
-14.902824,-6.2513633,1
-11.984572,-17.009533,1
8.387477,-32.27413,1
8.448678,-30.366652,1
8.943036,-32.766647,1
10.032418,-31.475554,1
9.984388,-31.403803,1
1.682244,31.923302,1
-2.6799824,23.601744,1
-3.2262967,27.219906,1
2.6057265,28.146656,1
-4.8670154,23.347168,1
31.101376,2.1293614,1
23.442251,-7.6485143,1
32.89305,2.0616326,1
21.659798,-5.8943825,1
32.420185,-1.054333,1
22.645884,-1.9796911,1
31.220911,-3.2746856,1
26.19589,-4.3791595,1
29.70536,-4.088189,1
30.068,-1.1676995,1
26.02497,-7.0669384,1
20.840208,3.493437,1
21.061983,1.8096335,1
25.89834,2.018074,1
23.425123,-2.2157178,1
33.78157,-3.7409825,1
25.832853,-4.1908355,1
28.718557,-1.1729428,1
28.173706,0.5222931,1
30.16804,-7.123738,1
-7.0932,27.01177,1
-3.8569262,32.57545,1
-3.664822,26.1586,1
-4.802915,30.77337,1
1.5201247,29.037567,1
-8.662709,-8.196196,1
-11.335802,-9.570678,1
-14.724214,-7.9986634,1
-8.380376,-7.8657126,1
-2.692517,-11.377936,1
25.261797,-5.539367,1
24.976318,-6.1412215,1
26.761276,-3.4347816,1
29.795778,4.839591,1
28.465456,0.45306858,1
-13.158798,-14.064922,1
-10.3630495,-12.138414,1
-11.853997,-8.938119,1
-8.09774,-14.969474,1
-11.484175,-9.548625,1
27.744839,-8.002918,1
33.856773,-4.1370955,1
23.662586,3.6559303,1
23.480476,-6.2657995,1
23.124231,1.9482265,1
30.228397,-5.783309,1
33.22068,-7.038728,1
22.783562,-0.4231193,1
20.855324,3.5016918,1
26.479317,6.269002,1
-1.3895063,26.71748,1
-1.4994345,33.807285,1
-0.7762963,31.891241,1
0.78353703,31.19448,1
-1.4834834,33.24564,1
-4.8311734,28.425062,1
4.8139744,29.666605,1
-3.1212633,22.899513,1
5.5676036,27.062435,1
-4.7942896,24.893965,1
2.2908933,30.146116,1
2.583324,32.901592,1
5.956882,27.366549,1
2.5675144,30.600458,1
1.2087408,33.00534,1
-13.72655,-8.225769,1
-7.418687,-11.866129,1
-12.909631,-10.433355,1
-15.327724,-9.630071,1
-13.042073,-16.574877,1
-13.700774,-12.58272,1
-15.386223,-9.236188,1
-14.202035,-5.491313,1
-7.5740023,-11.714624,1
-17.11361,-14.5334,1
-16.01165,-14.691161,1
-9.952076,-11.402675,1
-16.031446,-16.060263,1
-21.357634,-12.3745985,1
-16.097189,-16.083942,1
32.67236,3.3768897,1
33.766514,-2.98607,1
33.276737,-1.0019468,1
30.926554,-1.3594261,1
27.369558,1.8255144,1
-6.7628407,-14.979012,1
-4.9009314,-9.693323,1
-9.830663,-10.197325,1
-17.960752,-13.965698,1
-5.868433,-14.249101,1
29.812004,-7.9360642,1
30.364487,-4.101882,1
21.609512,-3.73236,1
26.4295,5.0391617,1
32.22235,2.7073994,1
29.99028,4.6094522,1
20.518616,-1.6340234,1
27.682182,5.0220733,1
27.402029,4.8983846,1
22.918276,1.7090839,1
25.310623,-5.4931455,1
27.543764,-1.9083587,1
24.82193,0.41490424,1
28.248352,-7.2209883,1
25.245272,-5.5838223,1
-13.177538,-15.15059,1
-9.313279,-16.689144,1
-10.404705,-16.44074,1
-19.155895,-11.548804,1
-20.357481,-7.7693543,1
-12.831404,-11.537866,1
-12.875133,-7.6724124,1
-12.520709,-11.93595,1
-11.906509,-3.3284824,1
-11.79332,-7.4077897,1
8.942508,-31.53983,1
9.335887,-32.416786,1
9.576338,-32.572388,1
9.722399,-29.812634,1
7.6649995,-31.60367,1
-4.9826345,-9.86054,1
-11.737263,-11.116164,1
-9.450987,-7.5496955,1
-12.553905,4.662225,1
-18.079473,-12.646334,1
26.980003,-8.222936,1
29.49254,-6.400255,1
29.902763,-3.4515872,1
26.034996,-0.9918059,1
31.869917,-0.13810864,1
8.2480345,-31.356295,1
10.461078,-29.970736,1
8.915371,-30.67382,1
8.613031,-30.683832,1
8.43028,-32.217575,1
24.330194,0.0444267,1
24.768667,0.20879683,0
25.7063,-4.0324116,0
35.033722,2.179202,0
21.32605,3.7852104,0
9.087895,-31.294085,0
9.018162,-31.221127,0
9.006696,-31.407509,0
8.027594,-31.17701,0
9.10054,-31.9565,0
0.77036005,27.60062,0
3.5188293,30.949265,0
0.7371919,22.762232,0
-0.86223465,23.869316,0
3.9635618,30.636305,0
-6.6671114,-15.140491,0
-11.36855,-4.147256,0
-10.193531,1.0151486,0
-19.699368,-2.7714345,0
-7.780313,-9.263094,0
-15.740457,-11.233295,0
-8.57735,-9.714398,0
-5.0768967,-8.362574,0
-16.007935,-4.4888754,0
-9.752262,1.3715104,0
-14.383206,-9.314471,0
-13.015229,-4.8099914,0
-10.0193405,-17.839964,0
-14.045104,-3.2289445,0
-20.871864,-3.2861054,0
-18.057833,-3.7933612,0
-18.327885,-3.4527495,0
-15.140309,-9.482519,0
-18.154722,-3.595116,0
-13.829252,-5.2970715,0
