UMAP1,UMAP2,cluster
7.5171943,9.116798,0
7.3072124,7.005017,0
7.7331614,9.045805,0
7.975107,9.023379,0
7.191236,7.814657,0
-6.748401,11.212315,0
-7.2832375,11.66753,0
-5.8161683,12.1841545,0
-6.8327937,11.647538,0
-6.2472725,11.815658,0
0.3462294,-4.7517505,0
0.89874625,-4.947616,0
-0.37218654,-5.016932,0
-0.11719395,-4.962048,0
0.61696726,-5.6637554,0
0.4535757,-5.396337,0
0.7168268,-5.0893064,0
-0.16251886,-4.8147154,0
-0.0049561393,-4.68713,0
-0.021447673,-4.6518154,0
-6.7390394,12.234268,0
-6.726887,12.512636,0
-6.745468,12.193032,0
-6.649168,11.189491,0
-6.4504156,10.79231,0
0.36351073,-5.196929,0
0.41389924,-5.108425,0
0.49266765,-5.202392,0
0.24953322,-4.850533,0
1.5272481,-4.9988513,0
-6.2530456,10.579883,0
-6.0156274,11.9572935,0
-6.2883363,12.791242,0
-6.4303637,10.659191,0
-5.828832,10.843894,0
0.47863388,-4.6756697,0
0.9802868,-4.0775833,0
1.2612292,-5.141659,0
-0.10472478,-4.8541346,0
1.2195063,-5.064402,0
-6.0624037,10.687435,0
-6.0123887,12.019726,0
-6.622168,12.689795,0
-5.9229393,11.685895,0
-6.3298926,12.759903,0
1.1009105,-4.888187,0
0.24978162,-4.9297824,0
1.1578062,-5.1833596,0
0.44534448,-4.76718,0
1.4677355,-5.135103,0
-6.4127374,11.471608,0
-6.967353,12.339335,0
-6.6039767,12.261097,0
-6.4918647,12.35888,0
-7.4105268,11.789786,0
-7.1086264,12.404327,0
-7.2589006,12.247199,0
-6.6912937,12.369229,0
-5.970035,12.464919,0
-6.7040052,11.021305,0
-6.643692,11.7407675,0
-6.6350756,11.198568,0
-6.2577114,11.817576,0
-6.3389993,10.916609,0
-6.0842347,12.404837,0
-5.26035,11.864693,0
-6.8978424,11.046966,0
-6.7273884,11.945323,0
-7.0911255,11.214438,0
-6.6154475,12.198759,0
8.024734,7.5993,0
6.9301424,7.0090356,0
7.4827065,7.733002,0
6.3388658,6.9872165,0
7.1252766,7.5860696,0
-6.086332,12.418611,0
-6.053204,12.701718,0
-6.9335275,12.195223,0
-5.810826,12.739657,0
-7.1533184,12.798553,0
0.3039147,-5.5456076,0
0.8740873,-4.8850946,0
-0.03913316,-4.7012362,0
0.30883405,-5.0985456,0
0.05882289,-5.372518,0
6.8367205,7.389534,0
7.332166,7.5972433,0
6.909051,6.9789505,0
6.756275,7.830971,0
7.49183,8.913753,0
-6.211561,12.099086,0
-6.253757,11.476573,0
-6.181571,10.97946,0
-6.22424,11.456108,0
-6.0448055,10.80058,0
0.2355242,-5.0149016,0
0.47852162,-4.3981175,0
0.05908974,-5.045041,0
0.22798286,-5.0363183,0
0.69271684,-5.16117,0
6.520781,6.7061753,0
7.5828114,7.517989,0
7.9316635,7.9289804,0
7.30808,7.3295374,0
6.6518984,6.958713,0
0.74227756,-5.1610312,0
0.6515093,-4.495329,0
0.66754097,-5.0972643,0
0.57480437,-4.9817615,0
0.8700226,-5.0608187,0
7.8832603,7.6991634,0
6.54815,6.5960164,0
8.324554,7.824965,0
6.6575537,7.053449,0
6.366089,6.916392,0
-6.2109303,12.843136,0
-7.364016,11.795704,0
-7.150315,11.951306,0
-6.544343,12.167734,0
-5.939856,12.394061,0
-6.7525806,11.599131,0
-5.964873,12.265232,0
-5.977216,12.463987,0
-5.362935,12.170885,0
-6.0397344,11.372996,0
0.98970085,-4.1253467,1
0.50597715,-4.1750226,1
0.7496245,-5.203397,1
0.620704,-4.411064,1
0.7279316,-5.2269015,1
-0.40382206,-5.24546,1
0.804739,-5.3249516,1
0.8831141,-5.146948,1
0.94253445,-5.330692,1
0.9493809,-5.2040854,1
1.0847534,-5.2155347,1
0.5888485,-5.008103,1
0.6427379,-4.7503533,1
1.1923,-5.1045556,1
0.27347472,-4.9163795,1
0.3835419,-5.437686,1
0.22602873,-4.6235867,1
0.3480617,-4.999272,1
0.30208343,-4.946059,1
0.7985281,-5.077396,1
0.1315842,-4.9503665,1
0.3604587,-4.521274,1
0.6578253,-4.8546386,1
0.34341016,-4.861878,1
0.96932006,-4.011043,1
-6.7040005,11.419213,1
-5.325142,11.702463,1
-5.20135,11.743619,1
-7.1541605,11.404005,1
-6.700309,10.529251,1
-6.1220617,10.711819,1
-6.5391726,11.018721,1
-6.9341125,11.35428,1
-6.9398265,10.496897,1
-6.951604,10.4809065,1
0.9612464,-5.321761,1
0.45881844,-4.351485,1
0.31617823,-4.4249797,1
0.9111065,-5.058329,1
0.75628895,-3.984813,1
-5.1969523,11.768212,1
-6.6201663,11.06625,1
-7.1205134,12.279744,1
-6.8298845,12.385539,1
-6.501737,12.210697,1
0.20204915,-5.75321,1
-0.21868491,-4.6625385,1
1.1517901,-4.756391,1
0.29357752,-5.7069197,1
0.7119216,-5.0409975,1
0.47711918,-4.9131474,1
0.23708935,-5.5212793,1
-0.3059969,-5.0593343,1
0.2823787,-5.188274,1
0.8988194,-5.413959,1
-6.6982627,11.901931,1
-5.9598556,11.614949,1
-6.45612,11.743955,1
-6.388346,12.2806835,1
-6.1571746,11.747171,1
-5.661262,12.80811,1
-6.753839,11.97838,1
-6.464639,12.777981,1
-6.266391,12.006023,1
-5.210387,11.760148,1
0.80762726,-4.985543,1
1.0065542,-4.86255,1
0.34838998,-5.019364,1
0.99037254,-4.9927616,1
0.1623023,-5.066536,1
6.587352,7.0457635,1
7.6852164,7.10362,1
6.9146132,8.661018,1
7.55378,8.061708,1
7.3372755,7.6599517,1
-0.3353354,-4.7659044,1
-0.37601992,-4.960176,1
0.81294686,-4.80303,1
-0.17314406,-4.707815,1
0.1487833,-4.863044,1
0.7827667,-5.1586766,1
-0.50510067,-5.302709,1
0.53320503,-5.0900846,1
0.7603547,-5.280948,1
0.09229423,-4.804303,1
-0.4175055,-4.9862514,1
-0.02856369,-5.053104,1
0.3409274,-5.493711,1
0.0028899305,-4.9938464,1
-0.06855452,-5.047463,1
-0.5156892,-5.0772476,1
0.49587053,-4.4291234,1
0.3247998,-4.4125686,1
0.6125866,-4.523652,1
-0.046912134,-4.673281,1
0.7407074,-5.1879344,1
0.88427824,-5.1012197,1
0.66477275,-5.0700254,1
0.677205,-4.903245,1
0.15022022,-5.349359,1
7.677392,7.35288,1
8.206264,8.011261,1
7.8526855,9.0012455,1
6.155756,7.098575,1
7.769859,7.5277886,1
-0.058927238,-4.628393,1
0.6622039,-5.404796,1
-0.14337298,-5.383806,1
-0.41799015,-4.655002,1
0.6249132,-4.9190865,1
-5.9110646,11.730222,1
-5.4239097,11.57312,1
-6.053189,11.337778,1
-6.784091,11.23043,1
-6.5529375,10.878317,1
7.5251284,7.488939,1
7.355098,7.4459705,1
7.8676553,7.5002484,1
7.9765816,6.937655,1
7.0810633,8.044907,1
6.9466004,8.425151,1
7.5863323,7.437604,1
7.898881,7.9893913,1
7.1196604,7.421902,1
8.061714,7.961196,1
7.329443,7.052055,2
7.074437,8.020236,2
7.1970844,7.5840516,2
7.145269,8.083209,2
7.1747108,8.202277,2
-0.12374378,-4.604761,2
-0.36299187,-4.5458555,2
-0.27548057,-4.43032,2
0.31962496,-4.8259096,2
0.44402796,-4.915901,2
6.843558,8.211711,2
7.92797,8.348017,2
5.7801046,7.457495,2
6.9118137,8.735723,2
8.304467,7.670905,2
-6.4271574,11.400137,2
-6.2881045,11.451341,2
-6.4901366,11.593345,2
-6.8172145,12.539785,2
-6.623985,10.544686,2
6.593867,7.8297358,2
6.266075,8.261965,2
7.739862,8.304043,2
7.804221,8.194216,2
6.844144,8.052799,2
0.5946936,-4.949357,2
0.43605423,-5.106613,2
0.27994883,-4.7695184,2
0.30657113,-4.8755684,2
0.09520999,-5.5864472,2
6.110301,7.149152,2
7.374678,7.764437,2
7.4962273,8.103454,2
7.8826723,8.424559,2
7.429026,8.167395,2
0.61948407,20.083061,2
0.5412264,20.150652,2
0.50674164,20.014698,2
0.72310686,19.886095,2
0.5050782,20.014048,2
7.3235817,7.0418534,2
7.0915294,7.704366,2
7.9469132,7.6592045,2
7.266707,7.263749,2
7.4471593,8.407075,2
-6.150793,12.79265,2
-6.478182,10.892673,2
-6.8977985,12.390536,2
-6.5019956,11.059723,2
-5.621077,12.386703,2
6.384611,8.523381,2
8.047747,6.4215345,2
8.011076,8.20564,2
7.9738445,8.759875,2
7.72512,6.5377116,2
7.4877567,7.765422,2
6.9631014,8.723174,2
6.4139924,7.009484,2
6.6599197,6.988497,2
7.665862,8.225317,2
0.73597175,-5.321907,2
0.6873592,-4.863593,2
0.9374543,-4.846307,2
0.76129556,-5.245737,2
0.3655842,-5.3729405,2
6.8131986,7.7136593,2
8.255189,6.9380565,2
7.8395495,7.679556,2
6.2831235,7.6960144,2
6.4447455,7.6658387,2
0.41367418,-4.259292,2
0.7464856,-4.0810885,2
-0.0259501,-5.301681,2
-0.035771288,-5.2419415,2
0.43546847,-5.8222933,2
7.209623,7.2850385,2
8.064578,6.4391165,2
6.315605,7.680241,2
7.62643,7.6330585,2
8.130206,7.7399964,2
7.0334344,8.189226,2
7.2355227,7.785558,2
6.4335003,7.7171793,2
7.018312,7.866419,2
7.453387,7.9015937,2
6.582063,7.62435,2
7.397028,7.0544972,2
7.882602,7.900356,2
7.634397,7.684097,2
8.21173,8.304114,2
7.124519,6.711836,2
6.5406103,7.3452764,2
7.946158,6.3643403,2
8.017608,6.433921,2
5.991102,8.063436,2
7.8732743,7.658998,2
7.5914817,7.759032,2
7.333013,6.8630314,2
7.1766033,6.357529,2
7.78168,7.6462455,2
0.30436757,-4.5784354,2
0.17833216,-5.017113,2
0.8552706,-4.084996,2
0.9585904,-5.5602584,2
0.2271133,-5.225604,2
-0.05621339,-4.6001678,2
-0.20819266,-4.5922155,2
-0.31815827,-4.80875,2
0.9207443,-4.9161205,2
0.32531884,-5.1609306,2
-5.433902,11.798416,2
-5.5337715,11.263295,2
-5.6559577,11.563086,2
-5.495832,12.135201,2
-5.636615,10.994332,2
7.8255787,7.870707,2
8.1712475,8.261952,2
6.797262,8.440487,2
7.8767843,6.7520056,2
7.9540634,8.168778,2
6.5856686,7.723044,2
7.5916824,8.363516,2
7.1516314,7.775391,2
6.7368217,6.6591463,2
7.8184485,8.207504,2
-7.1098127,12.099972,2
-7.1525097,12.048226,2
-6.9339995,11.281191,2
-7.027289,11.449466,2
-6.668526,12.735137,2
-6.8588924,12.075786,2
-6.020819,11.894608,2
-5.7820835,10.896897,2
-6.3635774,11.7393465,2
-6.5681815,12.033644,2
-5.736736,12.182982,2
-6.360148,12.142043,2
-5.576061,11.857456,2
-6.560011,10.818028,2
-6.619061,12.161026,2
0.12725648,-4.858726,2
0.06246809,-4.8938637,2
0.5908562,-4.6607647,2
0.73701155,-4.361067,2
0.54724944,-5.8349786,2
0.32858276,-5.2817364,2
1.2122254,-4.916416,2
1.2349426,-4.708798,2
1.1515931,-4.93074,2
1.0185919,-4.425748,2
7.11738,7.780394,2
7.2106185,7.757447,2
8.270706,7.7095485,2
7.796751,9.063717,2
7.9364653,8.997395,2
-7.2190785,12.232857,2
-7.3206477,11.462602,2
-6.936405,11.019281,2
-6.984167,10.463371,2
-7.1845093,11.546926,2
7.1817055,7.824744,2
6.1339293,8.011793,2
5.9248185,8.558912,2
7.242436,8.234695,2
5.928112,8.554838,2
7.2603993,7.9449577,2
7.950623,8.690637,2
8.23255,8.713473,2
7.768446,8.8171015,2
8.031948,8.909592,2
-6.677343,12.525466,2
-6.4881024,11.58614,2
-6.568765,12.4512,2
-7.0150275,12.212971,2
-6.7705297,12.400045,2
0.83318627,-4.514898,2
0.68120414,-4.297125,2
0.34649587,-4.7544312,2
0.6863247,-4.825116,2
1.3388501,-4.825126,2
8.67448,8.461819,2
8.129473,8.568728,2
7.7051096,7.615782,2
8.043975,8.472961,2
8.083185,9.091803,2
0.1872493,-5.0524344,2
0.5659931,-5.8459125,2
0.06161279,-4.4027905,2
-0.057151727,-5.1621523,2
1.1756322,-5.1083603,2
0.2629254,-4.8474154,2
0.039975725,-4.446985,2
0.031564284,-4.40192,2
1.074428,-4.6157455,2
1.2226229,-5.0518775,2
0.8893396,-4.7621,2
0.71360105,-4.1645956,2
0.6376234,-4.8496337,2
0.227544,-5.6423793,2
0.9801691,-4.869259,2
8.249539,8.731346,2
6.6901774,8.003331,2
6.931744,7.3893385,2
6.866035,8.048343,2
7.2660046,8.6457815,2
7.75326,6.582066,2
7.4122305,9.131209,2
7.30822,8.123363,2
7.1881065,8.956039,2
7.7395062,7.376653,2
6.9734964,6.906964,2
6.5586433,6.5936356,2
7.0185223,7.175894,2
6.120338,7.7307315,2
7.2415776,8.516592,2
-0.16646373,-4.8504753,2
1.0346334,-5.5986676,2
0.7123592,-4.4609146,2
0.6057862,-4.9306808,2
0.7078445,-5.379721,2
0.56722367,19.88039,2
0.5184921,20.04009,2
0.71853197,20.098488,2
0.5489291,19.960424,2
0.6020923,20.117573,2
6.545831,8.036052,2
8.088726,7.637572,2
8.312486,7.6586137,2
6.5258946,6.728633,2
7.396572,7.1052203,2
0.15387556,-4.9541674,2
0.29561108,-4.4159355,2
1.0935571,-4.86263,2
1.0664937,-5.1980605,2
1.3652306,-4.907811,2
-6.9202476,10.604669,2
-6.998149,10.728011,2
-6.8632884,11.700719,2
-7.1611485,12.181585,2
-7.2733784,12.127954,2
-6.2855124,11.079914,2
-7.2225456,11.457199,2
-7.154001,11.995323,2
-6.282063,11.865578,2
-6.9363937,11.826314,2
0.43414575,-4.6709204,2
-0.058184125,-4.955788,2
1.1015326,-4.829743,2
1.0348308,-4.8866005,2
-0.23110825,-4.8695426,2
0.24448629,-4.805024,1
0.6044177,-4.419793,1
0.22776261,-4.4191685,1
-0.03890931,-4.432574,1
0.5352053,-5.027198,1
-6.133132,11.733736,1
-6.257251,13.013744,1
-6.5167527,11.543042,1
-6.0098867,11.388884,1
-6.04829,11.816076,1
7.112217,7.5696087,1
7.021217,7.5285316,1
6.7171,7.42102,1
8.013136,9.135349,1
7.283817,7.6611843,1
0.18514107,-5.2493176,1
0.8866823,-4.4364147,1
0.6922133,-5.563812,1
0.3053906,-4.5578637,1
0.6698946,-5.635287,1
8.175722,7.0530686,1
6.924747,6.5297446,1
7.8910513,7.536373,1
6.1452613,7.428518,1
8.8627,7.7478943,1
-5.859166,10.829678,1
-6.0137277,12.448112,1
-6.2394724,10.618497,1
-6.5446315,12.126292,1
-6.5114717,12.666046,1
7.023151,7.7313557,1
6.930387,7.011816,1
6.9716024,7.1014,1
7.2941895,8.34578,1
8.15942,8.593921,1
0.16238624,-4.4217634,1
1.463201,-4.984641,1
0.7575885,-4.9505863,1
1.067218,-5.3683553,1
0.4931522,-4.5648985,1
1.1643159,-4.8861275,1
1.7035768,-5.0405993,1
1.0441251,-3.9771173,1
0.7579447,-4.7402697,1
1.4753768,-4.7644815,1
7.3154707,7.6107497,1
6.9304376,7.490563,1
6.8141174,7.43583,1
6.78574,8.013329,1
8.018933,8.311594,1
-5.5652294,11.979592,1
-6.25869,12.937422,1
-5.5047693,12.08521,1
-5.2976794,11.781524,1
-5.5839353,12.602246,1
6.3892446,7.1906915,1
8.082557,8.217292,1
7.0038447,8.044246,1
6.114349,7.7836504,1
6.83254,8.066006,1
-6.520729,11.344181,1
-5.6917067,12.352231,1
-6.5168138,12.470565,1
-6.6092525,11.67388,1
-6.30995,12.7670765,1
6.5082555,7.363921,1
6.2107925,6.9820337,1
7.7015233,7.06907,1
6.8915386,7.2427735,1
6.5465693,7.092914,1
-0.41804892,-4.9981985,1
0.5163798,-5.8513427,1
0.5047616,-5.7965565,1
0.6087967,-5.8567743,1
-0.08155291,-5.485898,1
0.13276523,-5.302147,1
0.82251453,-4.6205926,1
0.6378416,-5.6168723,1
0.6037908,-5.6889863,1
0.37013242,-5.0885873,1
6.8193617,6.9266,1
6.720387,8.847161,1
6.6535864,7.2612233,1
7.888439,8.028336,1
6.1075063,7.125254,1
7.5150356,7.338894,1
6.9520736,7.1838007,1
6.4679637,7.37106,1
8.061693,7.5136228,1
6.731341,7.3407054,1
7.721132,7.3333855,1
6.420873,7.394367,1
7.381373,6.980534,1
7.375385,7.036089,1
6.381873,7.7812567,1
-0.46355224,-5.2757254,1
-0.14543061,-5.3202567,1
0.5124728,-4.9593906,1
-0.06644317,-4.7252145,1
0.25768653,-5.1736264,1
0.78661215,-4.1749063,1
0.47639325,-5.853418,1
0.3692635,-4.5035667,1
0.30928248,-4.688306,1
0.28661865,-5.5855637,1
7.2893343,7.5825205,1
6.9574394,7.519306,1
6.7792163,8.81925,1
6.669292,8.820882,1
6.769761,8.07759,1
6.9244194,7.494014,1
7.790975,8.074668,1
7.2391596,7.338451,1
7.5181623,6.7315145,1
8.155961,7.4541154,1
5.985564,7.1049805,1
7.254511,7.6911798,1
7.365865,7.8314734,1
7.125534,7.5766077,1
7.225893,8.4455385,1
7.467066,8.0839615,1
6.775386,9.133986,1
6.2580004,7.786064,1
7.7014117,7.291261,1
6.2099285,8.214456,1
5.855952,7.52322,2
5.7969728,7.6127367,2
7.4560504,8.975782,2
7.4191446,9.049756,2
7.1378074,8.619645,2
1.5229692,-4.766527,2
1.5582961,-4.7210145,2
1.5169393,-4.7133994,2
1.2697423,-4.5672045,2
1.4962826,-4.7797666,2
-6.4148335,11.610523,2
-6.0948763,11.251768,2
-6.3820853,11.678199,2
-5.7540817,10.809001,2
-6.0096526,11.21206,2
-6.670032,10.723318,2
-6.329805,12.200294,2
-6.244099,12.127159,2
-6.172051,12.557651,2
-6.9066544,12.797944,2
0.66219467,20.039038,2
0.65163267,19.903244,2
0.730942,20.170404,2
0.6821195,19.856031,2
0.6873519,20.215378,2
0.2458936,-4.4597564,2
0.14826956,-5.396881,2
0.67151266,-4.3472977,2
0.32576364,-5.1660247,2
-0.093206465,-5.5910935,2
0.5946372,-4.0825443,2
0.48266992,-4.5099487,2
0.12594938,-4.740975,2
1.1674931,-4.7326517,2
0.63898385,-5.1423464,2
-0.050923705,-4.8643,2
0.32071316,-4.3193684,2
1.1780202,-5.1479025,2
-0.11572229,-5.220533,2
0.77972317,-5.171799,2
8.069896,7.5629606,2
7.7470713,8.640534,2
7.37636,6.803751,2
7.4403815,7.3929524,2
6.351394,8.589582,2
5.8962555,8.033666,2
7.6759887,8.363831,2
8.537972,8.29805,2
7.082931,7.9615817,2
8.4601345,8.370517,2
1.0276574,-5.4126997,2
1.0588206,-5.5467377,2
0.66586655,-5.7295623,2
0.2577601,-5.096813,2
0.07872396,-5.3419037,2
8.266009,8.575087,2
7.7724395,8.420274,2
6.4411364,8.106234,2
8.165937,8.2934475,2
8.025946,8.344442,2
5.962963,7.548303,2
7.1024117,7.346848,2
6.0334425,7.428317,2
6.562778,8.446502,2
8.060086,8.514852,2
-6.493681,12.886173,2
-6.521575,11.926985,2
-5.9413557,11.181087,2
-5.900761,11.192369,2
-5.619828,11.664728,2
8.787856,7.8436785,2
7.240411,6.8424783,2
7.5051165,7.610342,2
7.2937965,6.7858386,2
6.6642904,7.5590124,2
-5.51542,11.54019,2
-6.9174976,11.295642,2
-6.7411036,11.944742,2
-5.5265017,12.360118,2
-5.3480105,11.540009,2
0.7947206,-5.01852,2
0.86434305,-4.7439713,2
1.3013961,-4.999603,2
0.31788823,-4.7406263,2
1.3718911,-4.881521,2
7.908373,7.117551,2
6.642514,6.9583797,2
7.688784,8.024503,2
6.374819,6.840865,2
5.789601,7.319773,2
6.1496005,7.9896746,2
8.809476,7.833114,2
8.764614,8.00391,2
6.5877323,8.771519,2
7.475053,8.099305,2
0.3106663,-4.847961,2
1.6346328,-4.9840574,2
0.20596306,-5.525938,2
1.0175351,-4.7643476,2
0.3616697,-5.422765,2
8.442796,7.845141,2
8.229287,8.085251,2
8.429161,7.8745074,2
8.252395,8.015565,2
7.263888,7.917038,2
6.308554,7.9046836,2
7.3275385,7.0941415,2
7.7042513,7.4075804,2
7.9958224,8.04228,2
6.545677,8.560538,2
0.6288442,-5.459302,2
-0.44332337,-5.051708,2
-0.47514322,-5.3228574,2
0.9847963,-5.487778,2
-0.27914393,-4.5796194,2
7.9100933,9.081236,2
8.145576,8.605344,2
8.105999,8.414093,2
7.924157,8.99804,2
7.9757595,8.955331,2
7.4535193,7.2290373,2
8.31042,8.597268,2
7.038665,7.0384765,2
8.00618,7.840882,2
8.028551,8.206355,2
6.173219,7.001095,1
7.6395435,8.310239,1
7.807528,7.6296105,1
6.3867874,6.7893863,1
7.2195587,7.8939195,1
0.52264005,-4.877512,1
0.8803291,-4.9609027,1
0.76354784,-4.905206,1
1.2377341,-5.1875243,1
0.7576749,-5.199049,1
8.4604225,6.7506227,1
7.9851856,8.37989,1
6.8893485,9.269201,1
8.041405,8.196681,1
6.81681,8.753195,1
7.0432987,6.7942595,1
7.570541,8.452827,1
8.551218,7.7086077,1
7.2664824,9.133959,1
7.4806542,8.301223,1
8.567641,7.1968784,1
8.412437,7.0716953,1
8.613867,7.2214375,1
8.291514,7.0200977,1
8.360726,7.227006,1
0.75282514,19.842352,1
0.77749753,19.796118,1
0.5725498,20.03507,1
0.60309637,20.061844,1
0.84773713,19.739155,1
7.5376964,7.959242,1
7.374558,8.503844,1
7.798171,8.650928,1
7.583587,8.275035,1
7.571552,8.440821,1
6.9212933,9.226727,1
7.1123233,9.2465315,1
8.666982,8.498405,1
6.8866506,8.981052,1
8.1825285,8.793666,1
6.951151,7.8458214,1
7.6580567,7.6923366,1
7.9295616,8.157159,1
8.322171,7.9894533,1
8.68366,8.447609,1
7.4456577,7.2136474,1
6.8603396,6.687098,1
7.391207,6.798917,1
7.6656747,6.7373157,1
7.522447,7.764837,1
1.3013208,-4.945687,1
0.8526333,-5.0945992,1
1.6411363,-4.831792,1
1.6917368,-5.055242,1
1.4050297,-4.541951,1
0.5895596,-4.8586783,1
0.5262631,-4.3185306,1
0.46383834,-4.295476,1
0.36272156,-5.799479,1
0.23350829,-5.5695014,1
8.157283,8.258892,1
7.671479,8.444086,1
7.020576,9.228225,1
8.213822,8.497935,1
6.6797276,8.842615,1
7.6125407,8.382081,1
7.4844193,8.275378,1
7.931261,6.734656,1
8.325816,8.327615,1
8.098825,8.407517,1
-7.0000267,12.125062,1
-6.911836,11.971148,1
-7.5019727,11.809769,1
-6.4208446,12.766241,1
-5.9906425,11.72504,1
1.0157063,-5.209072,1
0.46217242,-4.8407145,1
0.419226,-4.848848,1
1.1164534,-4.632931,1
0.27071884,-4.5505176,1
7.1000495,7.1570506,1
6.0768437,7.8688855,1
6.978489,6.7743306,1
6.890206,7.3609886,1
6.803837,6.672272,1
-5.6331553,12.886619,1
-6.7475567,11.484358,1
-5.6404815,12.813291,1
-5.553706,12.881783,1
-6.973591,12.26043,1
6.873146,7.467997,1
6.922036,8.57089,1
6.732005,7.9124207,1
7.330364,8.966246,1
8.348145,8.050097,1
0.3791969,-5.7050962,1
0.5302278,-4.2157774,1
0.46609607,-4.2427974,1
0.99455434,-5.195622,1
0.72074616,-4.6640253,1
-6.062846,11.226875,1
-5.7887483,12.97383,1
-5.837433,10.98753,1
-5.76204,11.597474,1
-6.6070447,11.629133,1
-6.798253,11.480666,1
-6.3162475,12.759769,1
-6.8461804,12.804081,1
-6.1840196,11.23236,1
-6.587719,12.582487,1
7.0687394,7.983588,1
7.677141,7.718734,1
7.181402,7.9005446,1
6.8504434,7.713516,1
7.311681,8.208008,1
8.287832,7.817212,1
8.04426,7.566592,1
8.771537,7.785845,1
7.663528,8.39395,1
6.901638,8.069168,1
0.84362715,-5.5024242,1
0.81555647,-5.573136,1
1.5795795,-5.0740614,1
0.46112618,-5.355845,1
0.72087604,-5.646771,1
-5.236346,11.775804,2
-6.1876316,11.365058,2
-6.0214295,11.689713,2
-6.307727,12.989504,2
-6.7679424,11.835429,2
0.73653066,-5.789611,2
1.0956825,-5.042406,2
0.63556594,-4.7608657,2
0.19215259,-5.4514213,2
0.43682525,-4.376009,2
0.8809787,-4.258148,2
-0.4720685,-5.309515,2
-0.24751784,-4.977386,2
0.487662,-4.3570437,2
1.25048,-5.158552,2
-5.917207,12.373334,2
-7.181676,12.700803,2
-6.570596,11.886438,2
-5.6646795,11.883631,2
-6.4203157,12.431333,2
-7.210509,12.223027,2
-7.089961,12.61306,2
-6.20667,11.451817,2
-6.4316587,11.765698,2
-6.1192803,12.876395,2
1.4948982,-4.7439485,2
0.7607276,-4.3963556,2
1.0101275,-4.6878676,2
1.0932564,-4.6038246,2
0.6326948,-4.2831454,2
-6.5626626,12.498337,2
-7.2685266,12.140672,2
-6.913079,11.91146,2
-6.388086,11.748697,2
-6.4730177,12.354389,2
-6.7859993,11.5660515,2
-7.5007086,11.750704,2
-5.5291185,12.442297,2
-5.6588826,12.485642,2
-6.8655,10.454077,2
0.45487067,-4.3926272,2
0.25180024,-5.212295,2
1.3688985,-4.5198984,2
0.07453467,-4.5384793,2
0.22235405,-4.830212,2
0.10508335,-4.7182207,2
0.66201955,-4.3029265,2
-0.19466212,-5.3796988,2
0.63612854,-5.664672,2
0.88542247,-4.3211174,2
7.1011033,7.5962963,2
6.62469,7.0612464,2
7.2194843,8.271366,2
8.026141,7.368992,2
7.218392,7.395797,2
6.5870986,7.5206103,2
6.5373206,7.7393875,2
7.587575,6.661432,2
7.645555,6.742506,2
8.199019,8.52099,2
7.9955707,8.780369,2
7.124521,8.395232,2
8.120409,8.888406,2
6.9975095,8.512113,2
7.036537,8.234903,2
-6.650036,11.022228,2
-6.6087303,10.503109,2
-6.6379766,11.557049,2
-6.600263,10.753321,2
-6.761389,11.667987,2
6.848849,8.6227865,2
6.639826,7.1997604,2
6.3568687,8.5406475,2
7.5615935,8.445656,2
7.446797,8.524833,2
-6.2620378,10.822087,2
-5.942953,10.783371,2
-6.825319,11.404147,2
-5.909072,11.421756,2
-5.775145,11.963196,2
7.6912107,8.264964,2
7.733962,8.67143,2
7.5986476,8.747604,2
8.246695,8.891994,2
8.330931,8.785085,2
-6.2343764,11.139263,2
-5.892971,11.654274,2
-5.4912715,12.534183,2
-6.0412784,10.6545925,2
-5.4074616,11.5267935,2
6.9664927,9.086586,2
7.1972723,8.317487,2
7.7584558,8.40559,2
7.99457,9.039252,2
8.023913,8.96872,2
8.017082,7.3136377,2
6.066129,7.28414,2
8.44749,7.135532,2
7.9599967,8.105412,2
7.2153087,7.4203143,2
6.2414565,8.22656,2
6.8170247,8.896136,2
7.7828736,8.366287,2
6.6097956,7.382941,2
7.836897,8.936566,2
7.726827,6.829199,2
7.7788672,7.8400226,2
6.6861877,6.624439,2
8.140859,7.9989567,2
8.097212,8.822852,2
7.9282436,7.8410625,2
7.8606615,8.436131,2
5.968515,7.595178,2
6.599721,8.166295,2
6.751188,7.294355,2
7.8139076,7.936519,2
6.9662466,8.445865,2
6.5713377,6.7598605,2
7.1254587,6.3529277,2
6.464418,7.779398,2
-5.734552,10.995802,2
-5.752562,11.108518,2
-6.3404994,12.78317,2
-5.859256,10.745055,2
-5.829358,11.004661,2
0.3665256,-4.775402,1
-0.067301475,-4.739383,1
0.7336298,-4.53467,1
1.0175946,-4.4673905,1
0.7034586,-4.6069183,1
-6.7892866,10.52669,1
-7.2015395,11.184909,1
-6.6561418,10.541089,1
-7.045336,12.183508,1
-6.498644,12.407088,1
0.60353696,20.093134,1
0.694702,20.15513,1
0.70364887,19.78014,1
0.5687136,19.920412,1
0.48775968,20.04932,1
7.642906,8.971595,1
7.506525,8.149505,1
7.558236,7.8061976,1
6.1982565,7.334214,1
7.8586855,8.181773,1
6.8288593,8.2114,1
8.259938,6.70644,1
6.329566,7.4702435,1
6.623593,8.115517,1
5.837065,8.456845,1
0.8565992,-4.8047395,1
1.2165883,-4.6567693,1
0.959645,-4.5996985,1
1.1360484,-4.6809645,1
0.57077277,-4.5738297,1
0.94994,-5.291204,1
1.2743695,-4.651626,1
0.9920714,-4.4834204,1
1.2287934,-5.15295,1
0.4170661,-4.530597,1
0.64082813,19.78183,1
0.52955437,19.833965,1
0.7108764,20.076393,1
0.5580952,20.137732,1
0.55500597,20.191063,1
6.972453,8.258593,1
6.137209,7.973006,1
6.5614247,7.4669347,1
6.018777,8.057016,1
5.984325,6.9814005,1
7.1710443,8.488517,1
7.01901,7.6753364,1
7.2133965,7.130668,1
7.181516,8.010697,1
6.949521,8.262851,1
-5.497496,12.626254,1
-5.340157,12.111746,1
-6.360093,12.205375,1
-6.2857895,13.021879,1
-5.4455853,12.206286,1
6.543379,7.430735,1
6.6330624,8.110513,1
6.291878,6.9043603,1
6.9305286,7.887777,1
6.7056746,7.6075826,1
-7.3900394,12.218156,1
-6.5824337,10.576911,1
-5.7283745,12.912973,1
-7.016858,11.734832,1
-6.6771693,12.115937,1
6.050839,7.725193,1
5.87572,7.477812,1
6.817274,7.5619426,1
6.834765,7.798385,1
7.011088,7.8883104,1
8.19932,7.0431066,1
7.616173,8.096967,1
8.219902,7.481844,1
8.314383,7.8611593,1
7.789536,6.560499,1
6.6336555,8.194401,1
6.3092713,6.6035953,1
6.976823,6.844871,1
8.433885,6.7351637,1
6.659664,7.6295333,1
-6.4357586,12.818493,1
-6.511138,11.245367,1
-6.4048624,12.765782,1
-5.874223,12.207233,1
-6.88815,12.793678,1
7.6323023,7.3284655,1
8.119695,6.413252,1
8.005347,7.687481,1
8.734388,7.484356,1
8.132936,6.7367406,1
-6.9776974,11.269444,1
-6.6479373,12.923894,1
-5.831021,11.539963,1
-6.646425,11.173164,1
-6.907444,12.349506,1
-6.795403,11.691452,1
-6.451295,11.748247,1
-6.1756406,12.043842,1
-7.1946907,11.326769,1
-6.2641363,12.089357,1
-7.161113,11.324558,1
-7.2854443,11.194483,1
-7.2626996,11.946928,1
-7.2999024,12.132727,1
-6.938105,10.501655,1
7.5269465,8.052205,1
8.048137,8.888848,1
6.2096577,7.355515,1
7.184157,8.645322,1
8.17811,8.804565,1
-7.211772,11.774189,1
-5.507147,11.807248,1
-5.796615,11.215698,1
-6.603025,11.907018,1
-7.126569,12.181876,1
-6.3699718,11.901541,1
-5.9087124,12.268722,1
-6.107299,12.710214,1
-5.5567126,11.716409,1
-6.285266,10.769351,1
6.867393,8.764956,1
6.9391627,8.515035,1
7.104803,7.6040063,1
6.363893,8.220754,1
6.3170037,8.292242,1
-6.83226,12.060875,2
-7.0532103,12.762188,2
-6.900501,12.551267,2
-6.529677,11.664943,2
-6.258118,11.544705,2
-0.37187853,-4.7420692,2
-0.34816945,-4.5276737,2
0.4260942,-5.5881624,2
-0.21285903,-4.439968,2
0.7115301,-4.6678023,2
6.907735,6.7885056,2
7.5622897,8.152424,2
7.6986566,8.112904,2
7.2899957,7.5839095,2
7.1932263,6.3085294,2
8.050559,7.562929,2
6.267878,8.1922655,2
6.6624503,6.6033316,2
6.3426247,6.835063,2
6.470496,8.57776,2
7.4443574,7.600073,2
7.540026,8.318514,2
7.4835896,8.598365,2
7.127619,6.317064,2
6.598758,6.5896664,2
8.308402,8.6235,2
7.6784143,8.000583,2
7.5927167,8.776246,2
7.0085597,8.13905,2
7.091355,7.83306,2
7.7949314,8.731268,2
7.219224,8.636366,2
6.655083,7.781774,2
7.7284293,8.754819,2
6.9037623,8.010971,2
7.4922338,8.340206,2
7.7002244,7.135524,2
7.493158,7.840264,2
1.1289936,-5.5523443,2
1.0511062,-5.3636546,2
1.1325556,-5.3953023,2
1.3493234,-4.792773,2
1.2957867,-5.1104307,2
6.9956694,6.8124275,2
7.42053,8.479942,2
8.501347,7.7866855,2
7.2972546,9.155012,2
7.6415105,8.438402,2
8.548469,7.1917944,2
8.441703,7.0215364,2
8.646646,7.1556225,2
8.430332,7.110089,2
8.426206,7.2273574,2
-5.842698,12.848279,2
-5.693496,11.862678,2
-5.5475006,12.381069,2
-7.4562106,11.686266,2
-5.6717863,12.409307,2
-5.6079955,12.636748,2
-6.0125375,12.408808,2
-5.703114,11.576387,2
-6.0365634,12.945447,2
-6.019752,12.741191,2
8.058853,7.2085133,2
6.249709,7.192592,2
6.2839856,7.2166486,2
8.268687,7.0096374,2
6.19986,7.1414137,2
-5.8471413,12.82349,2
-5.761243,11.902625,2
-5.5104756,12.819904,2
-6.293481,11.206966,2
-5.2850795,11.813838,2
7.3330045,6.9336486,2
7.6579666,6.9841304,2
7.0930963,6.4287395,2
7.8936987,8.212283,2
7.2003765,6.9299765,2
-6.6071963,11.167474,2
-6.434384,11.83268,2
-6.225346,10.753944,2
-6.425577,10.791706,2
-6.3222203,10.718017,2
-6.684005,11.78091,2
-7.10864,11.103228,2
-6.5948324,12.81964,2
-7.150981,12.425524,2
-6.6410866,11.949813,2
0.8929531,-4.4154086,2
1.3385209,-4.850259,2
1.4651026,-4.8729563,2
0.8090909,-4.7174253,2
1.5390344,-5.0466647,2
6.2217712,6.989712,2
7.924503,7.6580944,2
7.4014072,7.7548747,2
7.11918,7.6237283,2
8.048517,7.6161337,2
6.976916,6.783825,2
6.346091,7.0160713,2
7.3988957,8.369158,2
7.7348523,7.795387,2
8.076759,8.260232,2
-6.2383018,11.705444,2
-6.79632,12.034605,2
-6.9403563,12.635134,2
-6.649832,11.812648,2
-6.402742,12.157559,2
-6.3372936,12.908877,2
-6.8952656,12.027588,2
-6.9840083,11.910187,2
-6.8949995,11.369124,2
-5.7644053,11.182217,2
0.8798737,-4.3902693,2
0.4012964,-5.396767,2
0.22079788,-5.25196,2
0.24266727,-4.554819,2
0.80270743,-4.627368,2
6.532121,6.59031,2
7.5720034,8.924876,2
6.8061876,8.481459,2
7.5789557,7.197971,2
6.6614633,8.231361,2
7.950827,6.4028187,2
8.199886,7.8253946,2
7.648856,7.367317,1
7.81786,6.685306,1
7.615856,6.8099303,1
-7.061604,12.350194,1
-6.205274,12.2711935,1
-6.326827,11.439692,1
-6.94774,12.5424,1
-6.7503047,11.876343,1
-5.148876,12.7406645,1
-5.1198378,12.793375,1
-5.0839977,12.811765,1
-5.1148176,12.798973,1
-5.1122737,12.805842,1
7.2663684,8.2817955,1
6.5581145,6.6050916,1
6.528327,8.177441,1
7.7314186,7.585338,1
6.392347,7.8816953,1
6.8986897,7.416315,1
8.3569765,7.8039417,1
7.153623,8.6588,1
7.9376073,6.8276434,1
8.418366,8.087155,1
6.182787,7.7128825,1
6.3986535,7.565469,1
6.4821444,8.201344,1
7.688062,8.4004135,1
7.3690486,9.163835,1
7.0313087,7.422904,1
7.831732,8.353047,1
6.578837,8.377707,1
6.756578,7.425939,1
7.5675974,8.531843,1
7.7405787,7.133092,1
7.594629,6.695246,1
8.180713,7.0389338,1
5.9118423,7.3087883,1
8.043576,7.580727,1
-6.3422503,11.916009,1
-6.177209,11.772765,1
-6.3390307,12.585914,1
-5.5991793,11.177802,1
-6.249404,12.202107,1
7.130967,7.021061,1
6.773747,6.7595882,1
7.584468,7.919591,1
7.638518,7.8770247,1
8.429791,7.7531443,1
6.098351,7.7266765,1
6.711722,6.5632734,1
6.6095347,6.530494,1
8.253756,7.4835143,1
8.680155,8.189836,1
0.79119647,-5.035632,1
0.55244195,-5.8454714,1
-0.5674796,-5.2988973,1
-0.4059725,-4.9919167,1
0.6238643,-4.672106,1
7.4140615,7.104524,1
7.686556,6.61888,1
6.316816,7.712474,1
7.524966,7.3870964,1
7.7846684,8.30004,1
-0.104177564,-5.214038,1
0.66029006,-4.9380603,1
0.7228091,-5.7367024,1
1.082272,-4.6121907,1
1.0720843,-5.3501782,1
-6.2012334,12.341496,1
-6.726101,11.071126,1
-6.6911025,11.365189,1
-7.0999928,11.459263,1
-7.0338445,11.855026,1
8.236265,7.3887405,1
7.555061,6.407871,1
7.151605,7.7757416,1
6.781473,6.9104953,1
7.584689,7.9207406,1
7.090333,8.000764,1
6.7411003,7.3222284,1
5.871977,7.530091,1
5.874384,7.5319324,1
6.8544407,7.8686295,1
6.378473,7.933278,1
6.483417,7.7775683,1
7.43043,6.597635,1
6.7752686,7.250956,1
6.60996,6.734796,1
8.498053,8.271624,1
8.158963,6.784489,1
7.5804644,7.4393773,1
7.4157815,7.583475,1
7.157657,6.99823,1
1.4978237,-4.964267,1
0.9930588,-5.4692845,1
1.3907382,-4.698063,1
1.5656831,-4.968726,1
-0.037876554,-4.320186,1
8.3901415,6.753665,1
7.4284973,8.35145,1
6.6572857,8.083947,1
8.225582,8.56901,1
8.258542,7.644826,1
8.283808,8.579908,1
8.393743,8.418512,1
6.883187,9.275472,1
7.5791698,8.599403,1
8.644732,8.545256,1
7.3827686,7.668154,1
6.0668817,7.0811715,1
5.8448515,8.553895,1
5.8075604,8.567767,1
7.791103,7.2192683,1
0.40008903,-5.7790174,1
-0.34033582,-4.7914658,1
0.18663163,-5.7922378,1
0.011645286,-4.708887,1
-0.37063769,-5.366498,1
7.628021,9.14286,1
5.998866,7.75926,1
6.6545415,8.735126,1
6.748286,7.664718,1
8.175435,8.341817,1
-6.192645,12.281533,1
-7.198211,12.715033,1
-6.3841343,12.777563,1
-5.828624,12.440971,1
-6.7218227,10.506481,1
6.6902,7.264608,1
7.4775095,6.502097,1
7.119688,7.8452168,1
6.9002585,6.6723046,1
7.6527414,7.493067,1
8.234821,8.5923815,1
7.7955847,9.199909,1
7.610714,7.8574963,1
8.215612,8.816193,1
7.8488727,9.181927,1
0.16426392,-5.177986,1
-0.09697275,-5.3508754,1
-0.071457945,-5.656525,1
-0.028333593,-4.726824,1
-0.4091265,-4.647688,1
7.252271,9.06175,1
7.606729,8.656928,1
6.189989,8.381232,1
6.9599757,9.275403,1
7.2089443,6.8493943,1
0.57021856,-4.663581,1
-0.60624695,-5.266131,1
0.44738868,-4.4749765,1
0.28472185,-5.635855,1
-0.06421725,-5.2018447,1
8.884447,7.4420543,1
8.886696,7.5147276,1
8.809865,7.3428984,1
8.967404,7.5673814,1
8.930401,7.477829,1
-5.8894434,11.558007,1
-5.293598,11.7791815,1
-5.6190147,11.563543,1
-5.672273,12.387051,1
-6.3735538,11.765169,1
7.5481687,7.1735616,1
7.3037734,7.352253,1
6.9350386,8.005445,1
7.59386,6.802559,1
6.251396,7.350743,1
6.484782,7.2767897,1
7.7328005,7.3838634,1
7.836793,7.5213695,1
7.9862556,6.9604745,1
6.270713,8.033234,1
6.7039924,7.1641493,1
8.255111,7.5512567,1
8.237415,7.0738974,1
8.124003,8.8288355,1
7.868237,7.344479,1
0.64308953,19.942953,1
0.47396603,20.11081,1
0.6647246,20.13955,1
0.47461906,19.916342,1
0.40792304,19.913153,1
-5.977926,11.789531,1
-5.4455895,11.70778,1
-5.91469,12.091688,1
-6.355683,10.982725,1
-6.2598367,12.690961,1
-6.465345,12.306015,1
-6.048511,11.193442,1
-5.8583283,10.89943,1
-6.962818,12.023732,1
-6.6496873,11.57891,1
0.6674644,19.976273,1
0.75183225,20.087873,1
0.65572757,20.026936,1
0.6538952,20.294516,1
0.86322117,19.7968,1
7.206546,7.8471093,1
7.7124043,9.105516,1
7.3268,8.236042,1
8.042795,9.184705,1
8.057423,8.753078,1
-6.6798763,12.848473,1
-6.627782,11.963798,1
-5.245249,11.601367,1
-6.9496574,11.698531,1
-5.337144,12.040732,1
8.390921,8.008544,1
5.909637,7.2109284,1
8.394285,7.2445393,1
7.8792,7.673868,1
8.096701,7.5286217,1
8.45722,8.378775,1
5.7993383,7.2787366,1
6.133301,7.5740666,1
7.6085443,8.321944,1
7.876676,7.10784,1
-5.646828,12.824528,1
-6.8225327,10.592534,1
-6.1650877,10.73795,1
-6.442504,11.471267,1
-6.408479,12.880449,1
-5.9440527,10.923571,1
-6.5164165,12.811471,1
-6.079304,11.344973,1
-5.9489956,12.250102,1
-5.905848,12.072457,1
5.9769673,7.024979,1
5.877001,8.532614,1
8.073215,8.30691,1
5.9244146,8.338389,1
6.55624,8.632439,1
6.960759,8.365226,1
7.7040644,8.1131525,1
6.8876,8.380119,1
6.6739626,7.4838686,1
7.1490417,6.803294,1
6.8947954,8.327263,1
7.070706,8.382742,1
6.6432304,8.0426445,1
6.671165,8.095361,1
6.87253,8.211519,1
7.162656,8.704467,1
-6.400455,12.959912,1
-5.8429594,11.181502,1
-5.7372174,12.647651,1
-5.375646,12.488245,1
-6.337851,12.896788,1
-5.985196,11.727991,1
-5.6310844,11.094787,1
-6.625057,12.813108,1
-5.657577,11.2043495,1
-5.6654663,11.660917,1
7.1475096,7.796627,1
6.898146,8.324352,1
8.79689,7.8542657,1
7.5270195,7.429779,1
6.7347436,8.943716,1
7.1439624,8.293146,1
7.2327714,7.7140102,1
6.718492,8.572412,1
6.7342887,8.397816,1
6.4590483,8.2282505,1
0.57210344,-5.6995463,1
0.8956605,-4.054508,1
0.43832487,-5.072837,1
0.84518296,-5.2515173,1
1.4083102,-4.9557443,1
7.1644506,7.3851104,1
6.436617,6.7131658,1
7.3910327,8.120188,1
7.286287,8.909821,1
7.5477333,8.562437,1
8.854125,7.788465,1
6.5466256,7.898372,1
6.15142,7.995392,1
7.832598,7.0853806,1
6.15729,7.522971,1
6.707238,8.008431,1
6.3292766,6.7849264,1
7.632115,7.179581,1
7.1736674,7.0723696,1
5.9591312,7.9647627,1
-5.86727,11.551632,1
-5.7203517,12.536082,1
-5.4572997,12.822852,1
-5.926868,11.465947,1
-5.620881,12.8932085,1
-5.3722663,11.913958,1
-5.34193,12.262953,1
-5.692554,12.892226,1
-5.5118732,12.568594,1
-5.5179563,12.613661,1
0.45859468,-5.8554053,1
0.49397913,-4.09307,1
0.10769499,-5.706609,1
0.3530545,-5.114096,1
0.44254485,-4.6026797,1
8.110946,7.719259,1
6.0457916,7.600283,1
8.572544,8.084618,1
8.640419,8.176325,1
7.710062,7.0434933,1
7.1769485,7.102481,1
6.4037204,7.523846,1
6.391068,6.9956665,1
7.101694,7.3806405,1
7.6771603,7.546563,1
-7.0501246,11.902846,1
-7.109428,11.8241625,1
-7.0668726,12.182014,1
-6.0679884,11.376538,1
-7.301779,12.075074,1
-5.8997803,12.652855,1
-7.020056,11.313601,1
-5.4681163,12.307445,1
-5.209152,12.235752,1
-5.388004,12.4489765,1
0.58538085,19.852047,1
0.5813984,19.747305,1
0.6066244,20.179007,1
0.62853545,19.85216,1
0.5200468,19.85912,1
7.688654,7.6183934,1
7.2518387,8.324669,1
6.536706,8.643458,1
6.2518735,6.865717,1
7.18667,6.5872693,1
6.2202926,8.358005,1
7.537202,7.927741,1
8.452192,6.756374,1
8.2655,8.666559,1
7.23723,8.079933,1
7.234993,8.44261,1
8.633159,8.252157,1
7.399148,7.620201,1
7.1625023,6.6407027,1
7.2753077,8.85177,1
1.0694604,-4.8841305,1
-0.54609895,-5.1299887,1
0.16619572,-5.1936812,1
-0.15781379,-4.8809776,1
0.6935088,-4.3928003,1
6.6096005,7.9480834,1
6.9396744,8.918946,1
6.703122,8.680599,1
6.746958,7.892697,1
6.41059,8.6252165,1
6.758957,8.779561,1
8.128178,8.710084,1
6.9291706,8.475784,1
8.616707,8.298535,1
6.9227204,7.877081,1
0.6450262,19.8083,1
0.72674704,19.777435,1
0.55274916,19.73672,1
0.6970468,20.061432,1
0.5501437,19.910896,1
-0.026741346,-5.60658,1
0.75305885,-5.5477,1
1.1149635,-4.812242,1
0.13477153,-5.1689563,1
1.0222143,-5.0535564,1
-5.6798577,11.912508,1
-6.7683597,12.214521,1
-5.308575,11.685501,1
-6.892323,11.874514,1
-5.9353747,11.846374,1
-6.618282,11.396973,1
-5.751484,12.476987,1
-6.8551273,12.519535,1
-6.192449,12.596222,1
-6.1427755,12.0697565,1
-6.3562946,12.843292,1
-6.249285,11.485741,1
-6.2798653,11.572162,1
-6.6867275,11.45253,1
-6.362327,12.012162,1
-5.680331,12.928985,1
-6.702074,12.346053,1
-6.045279,12.129733,1
-6.675217,11.578218,1
-6.706601,12.931967,1
1.4550858,-4.9640903,1
0.8032713,-4.352931,1
1.3424584,-4.4233127,1
0.98566276,-5.4529815,1
0.39888415,-4.252485,1
7.4777317,6.551682,1
7.055603,7.21246,1
8.26586,7.506736,1
7.5732403,6.507337,1
7.0961995,6.899172,1
-6.414633,12.240701,1
-6.597792,11.34073,1
-7.1230054,12.243479,1
-7.1969275,11.283297,1
-6.6759825,11.680366,1
6.2782607,7.572192,1
6.050794,7.9346576,1
6.8547864,7.011473,1
6.02717,7.0027175,1
6.5035615,6.8428245,1
-6.916653,12.822215,1
-6.0394654,12.6598835,1
-6.963851,11.095984,1
-7.1919446,11.905792,1
-6.716488,11.017887,1
-6.3790965,12.2894535,1
-5.9324226,12.027386,1
-6.39383,11.93957,1
-6.9775233,11.055206,1
-5.8051257,11.016034,1
0.211902,-5.590719,1
-0.25594017,-4.8470745,1
0.30000496,-5.0363784,1
-0.22022653,-5.003991,1
0.005565621,-4.880388,1
1.4955015,-4.884506,1
0.349367,-5.6958313,1
0.57776606,-5.6876826,1
0.07423121,-5.0164886,1
1.3118302,-4.634641,1
0.16799942,-5.2601495,1
-0.13585493,-5.5209947,1
0.10905929,-4.7218513,1
0.12404856,-5.4871244,1
-0.00046008464,-5.2125535,1
7.857253,7.286416,1
7.182174,6.43053,1
7.8898554,6.811834,1
7.563756,6.857915,1
6.5608096,7.43348,1
6.8872304,7.622809,1
7.4778466,6.8417635,1
7.958005,8.086317,1
6.796967,6.7840314,1
6.9007936,7.385942,1
6.274276,8.424927,1
6.1930933,7.9147105,1
6.492788,8.317374,1
6.9924865,7.1706214,1
6.487684,8.430792,1
-5.2298293,11.936595,1
-5.3933434,12.810844,1
-5.4617577,11.888664,1
-6.0049887,12.194878,1
-6.4933105,11.529551,1
6.78377,6.6023808,1
8.155846,6.457797,1
7.573488,7.083743,1
6.52241,7.6533546,1
6.4839196,7.2682705,1
-5.4709406,12.170421,1
-5.9843655,12.677349,1
-6.7638264,11.499223,1
-6.219758,11.252709,1
-5.1737323,11.755547,1
-7.186987,11.41697,1
-6.9472404,11.276202,1
-6.239899,10.842965,1
-6.9444704,11.365288,1
-6.5219336,10.9524145,1
-6.5324297,12.495872,1
-6.4236674,12.301667,1
-7.23697,11.64775,1
-6.6568627,12.510381,1
-6.557834,12.250438,1
6.475028,7.715492,1
6.0237393,6.7301974,1
6.019249,7.045877,1
7.862289,7.213882,1
8.174934,7.7357173,1
6.689124,7.939656,1
7.2425394,7.560286,1
6.39115,7.454026,1
7.1563725,8.581077,1
7.452797,8.127191,1
0.5230291,20.00675,1
0.50764936,19.818094,1
0.55277205,19.929432,1
0.6774907,20.153324,1
0.7419389,20.029541,1
8.0413685,6.3897815,1
6.3420477,7.8181057,1
7.3983803,6.5760217,1
5.834139,8.543009,1
7.0110874,7.354108,1
-7.1338086,12.713273,1
-6.2679377,12.556636,1
-6.195406,12.459109,1
-6.7018228,11.985981,1
-5.816705,11.59113,1
0.43753505,19.94121,1
0.6183081,20.22478,1
0.5355667,20.073982,1
0.60544825,20.01389,1
0.5232051,19.908102,1
-6.919882,11.852348,1
-7.161146,11.625358,0
-6.176365,11.7936945,0
-7.4477477,11.591278,0
-6.9890914,10.943807,0
0.43449348,19.993217,0
0.4125632,20.062893,0
0.47700644,20.107191,0
0.43131924,19.941889,0
0.3204188,19.98956,0
0.91558254,-4.7782345,0
0.37130344,-5.1240606,0
0.90669274,-5.5883164,0
0.88118666,-5.436758,0
0.00060861284,-5.6632595,0
6.587776,6.562286,0
7.102763,8.020625,0
8.366049,6.7525315,0
8.13596,8.659677,0
7.026882,7.3641014,0
7.0165606,7.557557,0
7.4130993,6.902936,0
7.2634697,7.2311854,0
7.687309,8.506375,0
8.315729,6.7880096,0
7.078378,6.77619,0
7.3796535,8.001961,0
6.1060343,7.3521686,0
8.107903,8.465778,0
7.233109,8.626541,0
7.87894,8.391615,0
8.300508,8.615086,0
7.348225,6.738499,0
8.194786,8.520905,0
7.9244647,8.160446,0
